Redfin Data,,Townhouse,190 Mary Teresa St,San Francisco,CA,94134,899000,4,2,San Francisco,1890,,,2,476,,Pre On-Market,,,http://www.redfin.com/CA/San-Francisco/190-Mary-Teresa-St-94134/home/28958084,Coming Soon,2724,N,Y,37.7137643,-122.3985505
MLS Listing,,Single Family Residential,740 Rolph St,San Francisco,CA,94112,890000,4,2,San Francisco,1805,3075,1950,1,493,,Active,,,http://www.redfin.com/CA/San-Francisco/740-Rolph-St-94112/home/1977115,EBRD/CCAR/Bay East,40787743,N,Y,37.7116671,-122.4311352
MLS Listing,,Single Family Residential,418 Persia Ave,San Francisco,CA,94112,689000,3,1,Excelsior,1750,2500,1912,1,394,,Active,,,http://www.redfin.com/CA/San-Francisco/418-Persia-Ave-94112/home/957239,San Francisco MLS,459903,N,Y,37.7213177,-122.432558
MLS Listing,,Condo/Co-op,1688 Pine St Unit E1111,San Francisco,CA,94109,1802000,2,2,Van Ness/Civic Center,1139,,2016,1,1582,800,Active,July-2-2017 12:00 PM,July-2-2017 04:00 PM,http://www.redfin.com/CA/San-Francisco/1688-Pine-St-94109/unit-E1111/home/112795875,San Francisco MLS,459913,N,Y,37.7892328,-122.4235521
MLS Listing,,Condo/Co-op,2780 19th Ave #71,San Francisco,CA,94132,899000,1,2,West Portal,1200,,1980,1,749,754,Active,,,http://www.redfin.com/CA/San-Francisco/2780-19th-Ave-94132/unit-71/home/137556533,San Francisco MLS,459407,N,Y,37.7360169,-122.474053
MLS Listing,,Condo/Co-op,1298 Treat Ave,San Francisco,CA,94110,1199000,3,2,Inner Mission,,,1900,1,,359,Active,,,http://www.redfin.com/CA/San-Francisco/1298-Treat-Ave-94110/home/12311600,San Francisco MLS,458674,N,Y,37.7493774,-122.4127122
MLS Listing,,Condo/Co-op,241 10th St #203,San Francisco,CA,94103,999000,2,2,South of Market,923,,2017,2,1082,602,Active,,,http://www.redfin.com/CA/San-Francisco/241-10th-St-94103/unit-203/home/137156212,San Francisco MLS,459905,N,Y,37.7736521,-122.4134394
MLS Listing,,Condo/Co-op,241 10th St #303,San Francisco,CA,94103,1079000,2,2,South of Market,920,,2017,2,1173,602,Active,,,http://www.redfin.com/CA/San-Francisco/241-10th-St-94103/unit-303/home/137155354,San Francisco MLS,459904,N,Y,37.7736521,-122.4134394
MLS Listing,,Multi-Family (2-4 Unit),200-206 Peabody St,SAN FRANCISCO,CA,94134,1300000,3,,SAN FRANCISCO,1409,1934,1962,2,923,,Active,,,http://www.redfin.com/CA/San-Francisco/206-Peabody-St-94134/home/137086701,MLSListings,ML81668217,N,Y,37.7094549,-122.4079361
MLS Listing,,Single Family Residential,121 Peabody St,SAN FRANCISCO,CA,94134,1100000,3,3,SAN FRANCISCO,1730,3310,1964,2,636,,Active,,,http://www.redfin.com/CA/San-Francisco/121-Peabody-St-94134/home/1274013,MLSListings,ML81668213,N,Y,37.7107364,-122.407006
MLS Listing,,Single Family Residential,729 Duncan St,San Francisco,CA,94131,1500000,2,1,Noe Valley,1086,2902,1951,2,1381,,Active,July-2-2017 02:00 PM,July-2-2017 04:00 PM,http://www.redfin.com/CA/San-Francisco/729-Duncan-St-94131/home/804042,San Francisco MLS,458602,N,Y,37.7453713,-122.4364292
MLS Listing,,Condo/Co-op,52 Alpine Ter #1,San Francisco,CA,94117,1599000,2,2,Buena Vista Park,,,2014,2,,234,Active,July-2-2017 02:00 PM,July-2-2017 04:00 PM,http://www.redfin.com/CA/San-Francisco/52-Alpine-Ter-94117/unit-1/home/109687076,San Francisco MLS,459893,N,Y,37.7696388,-122.4378991
MLS Listing,,Condo/Co-op,638 Minna St #8,San Francisco,CA,94103,1195000,2,2.5,South of Market,1622,,1998,2,737,626,Active,July-6-2017 05:00 PM,July-6-2017 07:00 PM,http://www.redfin.com/CA/San-Francisco/638-Minna-St-94103/unit-8/home/12395902,San Francisco MLS,459834,N,Y,37.7780637,-122.4116182
MLS Listing,,Vacant Land,325 29th Ave,San Francisco,CA,94121,1499000,,,Central Richmond,,2996,,2,,,Active,,,http://www.redfin.com/CA/San-Francisco/325-29th-Ave-94121/home/2012948,San Francisco MLS,459867,N,Y,37.7831966,-122.4895361
MLS Listing,,Condo/Co-op,54 Shotwell St,San Francisco,CA,94103,1249000,3,2,Inner Mission,1584,,,2,789,,Active,July-2-2017 02:00 PM,July-2-2017 04:00 PM,http://www.redfin.com/CA/San-Francisco/54-Shotwell-St-94103/home/12354893,San Francisco MLS,459866,N,Y,37.767577,-122.416934
MLS Listing,,Condo/Co-op,520 Natoma St #2,San Francisco,CA,94103,499000,1,1,South of Market,450,,1911,2,1109,279,Active,July-2-2017 02:00 PM,July-2-2017 04:00 PM,http://www.redfin.com/CA/San-Francisco/520-Natoma-St-94103/unit-2/home/114074115,San Francisco MLS,459886,N,Y,37.7799093,-122.4083325
MLS Listing,,Condo/Co-op,356 12th St #101,San Francisco,CA,94103,985000,1,1.5,South of Market,975,,1996,2,1010,233,Active,July-2-2017 02:00 PM,July-2-2017 04:00 PM,http://www.redfin.com/CA/San-Francisco/356-12th-St-94103/unit-101/home/12395615,San Francisco MLS,459885,N,Y,37.770305,-122.414194
MLS Listing,,Single Family Residential,3239 Webster St,San Francisco,CA,94123,3995000,3,3.5,Marina,2720,4813,1935,2,1469,,Active,July-2-2017 02:00 PM,July-2-2017 04:00 PM,http://www.redfin.com/CA/San-Francisco/3239-Webster-St-94123/home/1797635,San Francisco MLS,459879,N,Y,37.8006362,-122.4348139
MLS Listing,,Single Family Residential,55 Southwood Dr,San Francisco,CA,94112,1195000,3,1.25,Westwood Park,,3898,1919,2,,,Active,July-2-2017 02:00 PM,July-2-2017 04:00 PM,http://www.redfin.com/CA/San-Francisco/55-Southwood-Dr-94112/home/1387308,San Francisco MLS,459845,N,Y,37.7250502,-122.4575416
MLS Listing,,Single Family Residential,727 Gates St,San Francisco,CA,94110,849000,2,1,Bernal Heights,1148,1746,1946,2,740,,Active,July-2-2017 02:00 PM,July-2-2017 04:00 PM,http://www.redfin.com/CA/San-Francisco/727-Gates-St-94110/home/1912145,San Francisco MLS,459877,N,Y,37.7342315,-122.4142219
MLS Listing,,Vacant Land,2812 Lot368 Block368,California City,CA,,19000,,,CAC - California City,,10220,,2,,,Active,,,http://www.redfin.com/CA/San-Francisco/368-California-St-94104/home/136796989,CRMLS,PW17148485,N,Y,37.793104,-122.4009261
MLS Listing,,Condo/Co-op,601 Van Ness Ave #908,San Francisco,CA,94102,459000,0,1,Van Ness/Civic Center,489,,1982,2,939,702,Active,,,http://www.redfin.com/CA/San-Francisco/601-Van-Ness-Ave-94102/unit-908/home/1162364,San Francisco MLS,459491,N,Y,37.7811165,-122.4213309
MLS Listing,,Single Family Residential,230 Granada Ave,San Francisco,CA,94112,1050000,6,2.5,San Francisco,1455,2809,1908,3,,,Active,,,http://www.redfin.com/CA/San-Francisco/230-Granada-Ave-94112/home/1836376,MetroList,17040876,N,Y,37.7225889,-122.4569827
MLS Listing,,Multi-Family (2-4 Unit),125-127 Ashbury St,San Francisco,CA,94117,1995000,4,2,North Panhandle,2504,3541,1921,3,797,,Active,,,http://www.redfin.com/CA/San-Francisco/125-Ashbury-St-94117/home/2036076,San Francisco MLS,459869,N,Y,37.774221,-122.448091
MLS Listing,,Condo/Co-op,1160 Mission St #1012,San Francisco,CA,94103,750000,1,1,South of Market,662,,2009,3,1133,583,Active,July-2-2017 02:00 PM,July-2-2017 04:00 PM,http://www.redfin.com/CA/San-Francisco/1160-Mission-St-94103/unit-1012/home/17305431,San Francisco MLS,459865,N,Y,37.7783901,-122.412238
MLS Listing,,Single Family Residential,1826 34th Ave,San Francisco,CA,94122,995000,3,2,Central Sunset,1959,2965,1941,3,508,,Active,July-2-2017 02:00 PM,July-2-2017 04:00 PM,http://www.redfin.com/CA/San-Francisco/1826-34th-Ave-94122/home/644988,San Francisco MLS,459862,N,Y,37.7529898,-122.4922527
MLS Listing,,Condo/Co-op,1000 3rd St #611,San Francisco,CA,94158,1925000,3,2,Mission Bay,1458,,,3,1320,877,Active,,,http://www.redfin.com/CA/San-Francisco/1000-3rd-St-94158/unit-611/home/136430444,San Francisco MLS,458938,N,Y,37.7734359,-122.3898896
MLS Listing,,Condo/Co-op,110 Channel St #631,San Francisco,CA,94158,755000,0,1,Mission Bay,495,,,3,1525,622,Active,,,http://www.redfin.com/CA/San-Francisco/110-Channel-St-94158/unit-631/home/136399971,San Francisco MLS,459703,N,Y,37.7733155,-122.3930001
MLS Listing,,Condo/Co-op,110 Channel St #415,San Francisco,CA,94158,900000,1,1,Mission Bay,746,,,3,1206,693,Active,,,http://www.redfin.com/CA/San-Francisco/110-Channel-St-94158/unit-415/home/136392832,San Francisco MLS,459708,N,Y,37.7733155,-122.3930001
MLS Listing,,Single Family Residential,2007 30th Ave,San Francisco,CA,94116,950000,2,1,Parkside,1075,2063,1941,3,884,,Active,July-2-2017 02:00 PM,July-2-2017 04:00 PM,http://www.redfin.com/CA/San-Francisco/2007-30th-Ave-94116/home/651353,San Francisco MLS,459852,N,Y,37.7497685,-122.4881842
MLS Listing,,Condo/Co-op,631 Folsom St Unit 6A,San Francisco,CA,94107,1398000,2,2,Yerba Buena,1136,,2009,3,1231,806,Active,July-2-2017 02:00 PM,July-2-2017 04:00 PM,http://www.redfin.com/CA/San-Francisco/631-Folsom-St-94107/unit-6A/home/18904680,San Francisco MLS,459841,N,Y,37.7848176,-122.3969578
MLS Listing,,Condo/Co-op,900 Bush St #501,San Francisco,CA,94109,689000,1,1,Downtown,,,1981,3,,799,Active,July-2-2017 01:00 PM,July-2-2017 04:00 PM,http://www.redfin.com/CA/San-Francisco/900-Bush-St-94109/unit-501/home/554292,San Francisco MLS,459759,N,Y,37.7900062,-122.4124382
MLS Listing,,Condo/Co-op,968 Central Ave,San Francisco,CA,94115,949500,2,2,North Panhandle,,,1900,3,,264,Active,,,http://www.redfin.com/CA/San-Francisco/968-Central-Ave-94115/home/136203825,San Francisco MLS,459815,N,Y,37.7787473,-122.4451967
MLS Listing,,Condo/Co-op,1 Daniel Burnham Ct #112,San Francisco,CA,94109,629000,0,1,Van Ness/Civic Center,595,,1988,3,1057,482,Active,July-2-2017 02:00 PM,July-2-2017 04:00 PM,http://www.redfin.com/CA/San-Francisco/1-Daniel-Burnham-Ct-94109/unit-112/home/1571951,San Francisco MLS,459598,N,Y,37.7867744,-122.4224906
MLS Listing,,Condo/Co-op,1656 Beach St,San Francisco,CA,94121,929000,1,1,San Francisco County,788,,1938,3,1179,140,Active,July-2-2017 02:00 PM,July-2-2017 04:00 PM,http://www.redfin.com/CA/San-Francisco/1656-Beach-St-94123/home/997422,BAREIS,21715145,N,Y,37.804844,-122.4363617
MLS Listing,,Single Family Residential,135 Ledyard St,San Francisco,CA,94124,799000,2,1,Silver Terrace,1300,2125,1941,3,615,,Active,,,http://www.redfin.com/CA/San-Francisco/135-Ledyard-St-94124/home/1874424,San Francisco MLS,459800,N,Y,37.7322794,-122.400704
MLS Listing,,Single Family Residential,1087 Palou Ave,San Francisco,CA,94124,799900,5,2,Bayview,1452,1873,1900,4,551,,Active,July-2-2017 01:00 PM,July-2-2017 04:00 PM,http://www.redfin.com/CA/San-Francisco/1087-Palou-Ave-94124/home/1997450,San Francisco MLS,459551,N,Y,37.728354,-122.381454
MLS Listing,,Condo/Co-op,1688 Pine St Unit EPH06,San Francisco,CA,94109,2675000,2,2.5,Van Ness/Civic Center,1485,,2016,4,1801,889,Active,July-2-2017 12:00 PM,July-2-2017 04:00 PM,http://www.redfin.com/CA/San-Francisco/1688-Pine-St-94109/unit-EPH06/home/112978499,San Francisco MLS,459821,N,Y,37.7892328,-122.4235521
MLS Listing,,Condo/Co-op,499 33rd Ave #303,San Francisco,CA,94112,998000,3,2.5,Outer Richmond,1342,,,4,744,492,Active,,,http://www.redfin.com/CA/San-Francisco/499-33rd-Ave-94121/unit-303/home/1892392,San Francisco MLS,459782,N,Y,37.7800251,-122.4934688
MLS Listing,,Multi-Family (2-4 Unit),2133-35 Balboa St,San Francisco,CA,94121,1395000,4,2,Central Richmond,2959,2495,1924,4,471,,Active,July-2-2017 02:00 PM,July-2-2017 04:00 PM,http://www.redfin.com/CA/San-Francisco/2133-Balboa-St-94121/home/1314662,San Francisco MLS,459779,N,Y,37.776173,-122.481853
MLS Listing,,Condo/Co-op,499 33rd #301,San Francisco,CA,94121,998000,3,2.5,Outer Richmond,1299,,2004,4,768,485,Active,,,http://www.redfin.com/CA/San-Francisco/499-33rd-Ave-94121/unit-301/home/874629,San Francisco MLS,459783,N,Y,37.7800251,-122.4934688
MLS Listing,,Multi-Family (2-4 Unit),3232-3240 26th St,San Francisco,CA,94110,1795000,6,2,Inner Mission,3347,2700,1900,4,536,,Active,,,http://www.redfin.com/CA/San-Francisco/3240-26th-St-94110/home/114078716,San Francisco MLS,459688,N,Y,37.7493433,-122.41477
MLS Listing,,Single Family Residential,2527 Quintara St,San Francisco,CA,94116,970000,2,1,Parkside,1212,2495,1950,5,800,,Active,,,http://www.redfin.com/CA/San-Francisco/2527-Quintara-St-94116/home/1725204,San Francisco MLS,459799,N,Y,37.747666,-122.492676
MLS Listing,,Single Family Residential,414 Naples St,San Francisco,CA,94112,799000,3,1.5,Excelsior,1450,2495,1926,5,551,,Active,July-2-2017 02:00 PM,July-2-2017 04:00 PM,http://www.redfin.com/CA/San-Francisco/414-Naples-St-94112/home/1397277,San Francisco MLS,459784,N,Y,37.722252,-122.430461
MLS Listing,,Condo/Co-op,499 33rd Ave #208,San Francisco,CA,94121,1295000,3,2.5,Outer Richmond,1544,,2004,5,839,526,Active,July-2-2017 01:00 PM,July-2-2017 04:00 PM,http://www.redfin.com/CA/San-Francisco/499-33rd-Ave-94121/unit-208/home/1338724,San Francisco MLS,459360,N,Y,37.7800251,-122.4934688
MLS Listing,,Single Family Residential,43 Miramar Ave,San Francisco,CA,94112,899000,3,2,Ingleside,1758,2784,1926,5,511,,Active,,,http://www.redfin.com/CA/San-Francisco/43-Miramar-Ave-94112/home/1265942,San Francisco MLS,459018,N,Y,37.7190323,-122.4584294
MLS Listing,,Condo/Co-op,1800 Bryant St #315,San Francisco,CA,94110,989000,1,2,Inner Mission,949,,2000,6,1042,412,Active,,,http://www.redfin.com/CA/San-Francisco/1800-Bryant-St-94110/unit-315/home/1373214,San Francisco MLS,459760,N,Y,37.7640901,-122.4109297
MLS Listing,,Townhouse,125 Gilbert St #2,San Francisco,CA,94103,1100000,2,2.5,South of Market,1448,,1996,6,760,757,Active,,,http://www.redfin.com/CA/San-Francisco/125-Gilbert-St-94103/unit-2/home/12396392,San Francisco MLS,459682,N,Y,37.7731718,-122.4020063
MLS Listing,,Condo/Co-op,338 Potrero Ave #607,San Francisco,CA,94103,826000,1,1,Inner Mission,,,2016,6,,572,Active,July-2-2017 12:00 PM,July-2-2017 04:00 PM,http://www.redfin.com/CA/San-Francisco/338-Potrero-Ave-94103/unit-607/home/113896120,San Francisco MLS,459756,N,Y,37.7652366,-122.4075214
MLS Listing,,Condo/Co-op,301 Mission St #606,San Francisco,CA,94105,2195000,1,2,Yerba Buena,1633,,2009,6,1344,2260,Active,,,http://www.redfin.com/CA/San-Francisco/301-Mission-St-94105/unit-606/home/40142635,San Francisco MLS,459690,N,Y,37.7903824,-122.3961531
MLS Listing,,Condo/Co-op,4444 18th St,San Francisco,CA,94114,949000,2,1,Eureka Valley/Dolore,915,,1900,6,1037,336,Active,July-2-2017 02:00 PM,July-2-2017 04:00 PM,http://www.redfin.com/CA/San-Francisco/4444-18th-St-94114/home/22043638,San Francisco MLS,459748,N,Y,37.7608309,-122.4391095
MLS Listing,,Condo/Co-op,206 Coleman St,San Francisco,CA,94124,1000000,2,2,Hunters Point,,,2016,6,,250,Active,,,http://www.redfin.com/CA/San-Francisco/206-Coleman-St-94124/home/108519215,San Francisco MLS,459744,N,Y,37.7276,-122.368
MLS Listing,,Townhouse,1338 Filbert St Unit D,San Francisco,CA,94109,4499000,3,3.5,Russian Hill,3000,,1906,6,1500,1000,Active,,,http://www.redfin.com/CA/San-Francisco/1338-Filbert-St-94109/unit-D/home/133435761,San Francisco MLS,459689,N,Y,37.800111,-122.421504
MLS Listing,,Townhouse,1338 Filbert St Unit C,San Francisco,CA,94109,4099000,3,3.5,Russian Hill,2585,,1906,6,1586,985,Active,,,http://www.redfin.com/CA/San-Francisco/1338-Filbert-St-94109/unit-C/home/133435754,San Francisco MLS,459693,N,Y,37.800111,-122.421504
MLS Listing,,Condo/Co-op,1338 Filbert St Unit B,San Francisco,CA,94109,3999000,3,3.5,Russian Hill,2585,,1906,6,1547,985,Active,,,http://www.redfin.com/CA/San-Francisco/1338-Filbert-St-94109/unit-B/home/133435738,San Francisco MLS,459694,N,Y,37.800111,-122.421504
MLS Listing,,Vacant Land,2677 Harrison St,San Francisco,CA,94110,1295000,,,Inner Mission,,2300,,6,,,Active,,,http://www.redfin.com/CA/San-Francisco/2677-Harrison-St-94110/home/133418277,San Francisco MLS,459454,N,Y,37.7545593,-122.4121169
MLS Listing,,Townhouse,186 Carnelian Way,San Francisco,CA,94131,1488000,3,2.5,Diamond Heights,1959,,1976,6,760,799,Active,,,http://www.redfin.com/CA/San-Francisco/186-Carnelian-Way-94131/home/1836706,San Francisco MLS,459737,N,Y,37.747662,-122.440163
MLS Listing,,Condo/Co-op,60 Danvers St,San Francisco,CA,94114,1495000,3,2,Eureka Valley/Dolore,1627,,1961,6,919,,Active,July-2-2017 02:00 PM,July-2-2017 04:00 PM,http://www.redfin.com/CA/San-Francisco/60-Danvers-St-94114/home/114070219,San Francisco MLS,459745,N,Y,37.7605524,-122.4437508
MLS Listing,,Condo/Co-op,574 Natoma St #201,San Francisco,CA,94103,449000,0,1,South of Market,329,,2012,6,1365,331,Active,July-2-2017 02:00 PM,July-2-2017 04:00 PM,http://www.redfin.com/CA/San-Francisco/574-Natoma-St-94103/unit-201/home/40298668,San Francisco MLS,459557,N,Y,37.7790286,-122.4094653
MLS Listing,,Single Family Residential,2038 Carroll Ave,San Francisco,CA,94124,688000,2,1,Silver Terrace,900,2500,1925,6,764,,Active,July-2-2017 01:00 PM,July-2-2017 04:00 PM,http://www.redfin.com/CA/San-Francisco/2038-Carroll-Ave-94124/home/1751913,San Francisco MLS,459667,N,Y,37.7297728,-122.4014767
MLS Listing,,Single Family Residential,2586 47th Ave,San Francisco,CA,94116,1095000,3,2,Outer Parkside,1600,1437,1951,6,684,,Active,July-2-2017 01:00 PM,July-2-2017 04:00 PM,http://www.redfin.com/CA/San-Francisco/2586-47th-Ave-94116/home/1072663,San Francisco MLS,459739,N,Y,37.738285,-122.505228
MLS Listing,,Single Family Residential,175 Brewster St,San Francisco,CA,94110,1995000,3,3.5,Bernal Heights,2500,1750,2017,6,798,,Active,July-2-2017 01:00 PM,July-2-2017 04:00 PM,http://www.redfin.com/CA/San-Francisco/175-Brewster-St-94110/unit-191/home/110063770,San Francisco MLS,459326,N,Y,37.7436869,-122.4071434
MLS Listing,,Multi-Family (2-4 Unit),322 Alemany Blvd,San Francisco,CA,94110,2990000,,,Bernal Heights,5900,2695,2007,7,507,,Active,,,http://www.redfin.com/CA/San-Francisco/322-Alemany-Blvd-94110/home/21967307,San Francisco MLS,459090,N,Y,37.7342014,-122.4124516
MLS Listing,,Multi-Family (2-4 Unit),320 Alemany Blvd,San Francisco,CA,94110,2990000,,,Bernal Heights,8339,2824,2007,7,359,,Active,,,http://www.redfin.com/CA/San-Francisco/320-Alemany-Blvd-94110/home/12402019,San Francisco MLS,459089,N,Y,37.7342477,-122.4123627
MLS Listing,,Single Family Residential,32 Hearst Ave,San Francisco,CA,94131,1295000,3,2,Sunnyside,1442,2809,1939,7,898,,Active,July-2-2017 01:00 PM,July-2-2017 04:00 PM,http://www.redfin.com/CA/San-Francisco/32-Hearst-Ave-94131/home/815038,San Francisco MLS,455331,N,Y,37.7309075,-122.4390901
MLS Listing,,Condo/Co-op,2655 Bush St #605,San Francisco,CA,94115,1739000,2,2,Lower Pacific Height,1003,,2017,8,1734,804,Active,,,http://www.redfin.com/CA/San-Francisco/2655-Bush-St-94115/unit-605/home/131725695,San Francisco MLS,459724,N,Y,37.7858334,-122.4406677
MLS Listing,,Condo/Co-op,1150 Folsom St #1,San Francisco,CA,94103,1595000,2,2,South of Market,1664,,2000,8,959,498,Active,,,http://www.redfin.com/CA/San-Francisco/1150-Folsom-St-94103/unit-1/home/12317274,San Francisco MLS,459722,N,Y,37.77596,-122.4093191
MLS Listing,,Single Family Residential,138-140 8th Ave,San Francisco,CA,94118,4496000,4,3.5,Lake,4025,2996,1909,8,1117,,Active,July-2-2017 02:00 PM,July-2-2017 04:00 PM,http://www.redfin.com/CA/San-Francisco/140-8th-Ave-94118/home/1499679,San Francisco MLS,459022,N,Y,37.7858307,-122.4665152
MLS Listing,,Condo/Co-op,360 10th St #1,San Francisco,CA,94103,895000,1,2,South of Market,1326,,2001,8,675,472,Active,July-2-2017 02:00 PM,July-2-2017 04:00 PM,http://www.redfin.com/CA/San-Francisco/360-10th-St-94103/unit-1/home/1390862,San Francisco MLS,459632,N,Y,37.7718805,-122.4120824
MLS Listing,,Condo/Co-op,1026 Folsom St #3,San Francisco,CA,94103,899000,1,1.5,South of Market,842,,2001,9,1068,422,Active,July-2-2017 02:00 PM,July-2-2017 04:00 PM,http://www.redfin.com/CA/San-Francisco/1026-Folsom-St-94103/unit-3/home/1537361,San Francisco MLS,459710,N,Y,37.7781189,-122.406486
MLS Listing,,Single Family Residential,901 Holyoke St,San Francisco,CA,94134,1099000,3,2,Portola,1550,1873,1963,9,709,,Active,,,http://www.redfin.com/CA/San-Francisco/901-Holyoke-St-94134/home/782073,San Francisco MLS,459707,N,Y,37.7200312,-122.4057803
MLS Listing,,Single Family Residential,1129 Mendell St,San Francisco,CA,94124,599000,3,2,Bayview,949,1485,1908,9,631,,Active,July-2-2017 02:00 PM,July-2-2017 04:00 PM,http://www.redfin.com/CA/San-Francisco/1129-Mendell-St-94124/home/1687580,San Francisco MLS,459680,N,Y,37.735991,-122.388802
MLS Listing,,Condo/Co-op,645 Texas #201,San Francisco,CA,94107,1195000,2,2,Potrero Hill,972,,2017,9,1229,658,Active,July-2-2017 01:00 PM,July-2-2017 04:00 PM,http://www.redfin.com/CA/San-Francisco/645-Texas-St-94107/unit-201/home/130869107,San Francisco MLS,459702,N,Y,37.757934,-122.3944733
MLS Listing,,Condo/Co-op,1640 Waller St,San Francisco,CA,94117,1495000,3,2,Haight Ashbury,1496,,1924,9,999,363,Active,July-2-2017 02:00 PM,July-2-2017 04:00 PM,http://www.redfin.com/CA/San-Francisco/1640-Waller-St-94117/home/920203,San Francisco MLS,459700,N,Y,37.768732,-122.451273
MLS Listing,,Multi-Family (2-4 Unit),700-702 7th Ave,San Francisco,CA,94118,1880000,4,3,Inner Richmond,2900,2125,1907,9,648,,Active,,,http://www.redfin.com/CA/San-Francisco/702-7th-Ave-94118/home/113113155,San Francisco MLS,459681,N,Y,37.7751776,-122.4647376
MLS Listing,,Condo/Co-op,966 Central Ave,San Francisco,CA,94115,1295000,2,2,North Panhandle,,,1900,9,,303,Active,,,http://www.redfin.com/CA/San-Francisco/966-Central-Ave-94115/home/130770927,San Francisco MLS,459685,N,Y,37.7786939,-122.4451869
MLS Listing,,Condo/Co-op,1160 Mission St #1409,San Francisco,CA,94103,829000,1,1,South of Market,764,,2008,9,1085,673,Active,July-2-2017 02:00 PM,July-2-2017 04:00 PM,http://www.redfin.com/CA/San-Francisco/1160-Mission-St-94103/unit-1409/home/17306804,San Francisco MLS,459670,N,Y,37.7783901,-122.412238
MLS Listing,,Condo/Co-op,240 Lombard St #727,San Francisco,CA,94111,640000,1,1,North Waterfront,586,,1993,9,1092,875,Active,July-2-2017 02:00 PM,July-2-2017 04:00 PM,http://www.redfin.com/CA/San-Francisco/240-Lombard-St-94111/unit-727/home/1649812,San Francisco MLS,459582,N,Y,37.8040152,-122.4052531
MLS Listing,,Condo/Co-op,1333 Jones St #703,San Francisco,CA,94109,1695000,1,2,Nob Hill,,,1960,9,,1404,Active,,,http://www.redfin.com/CA/San-Francisco/1333-Jones-St-94109/unit-703/home/12400121,San Francisco MLS,459643,N,Y,37.7936511,-122.4148841
MLS Listing,,Single Family Residential,709 Shotwell St,San Francisco,CA,94110,2099000,4,2,Inner Mission,2486,1424,1875,9,844,,Active,,,http://www.redfin.com/CA/San-Francisco/709-Shotwell-St-94110/home/713160,San Francisco MLS,459677,N,Y,37.756925,-122.415361
MLS Listing,,Condo/Co-op,116 St Marys Ave,San Francisco,CA,94112,1195000,4,2.5,Bernal Heights,,,1907,9,,,Active,July-2-2017 02:00 PM,July-2-2017 04:00 PM,http://www.redfin.com/CA/San-Francisco/116-Saint-Marys-Ave-94112/home/1380000,San Francisco MLS,459659,N,Y,37.7349581,-122.4280933
MLS Listing,,Condo/Co-op,114 St Marys Ave,San Francisco,CA,94112,795000,2,2,Bernal Heights,,,,9,,,Active,July-2-2017 02:00 PM,July-2-2017 04:00 PM,http://www.redfin.com/CA/San-Francisco/114-Saint-Marys-Ave-94112/home/104219979,San Francisco MLS,459658,N,Y,37.734982,-122.427962
MLS Listing,,Condo/Co-op,640 Davis St #45,San Francisco,CA,94111,1225000,1,1,Financial District,914,,1983,9,1340,710,Active,,,http://www.redfin.com/CA/San-Francisco/640-Davis-St-94111/unit-45/home/546052,San Francisco MLS,459594,N,Y,37.7984405,-122.3983781
MLS Listing,,Multi-Family (2-4 Unit),449-451 Frederick St,San Francisco,CA,94117,1995000,2,2,Parnassus/Ashbury Heights,3500,3438,1900,9,570,,Active,July-2-2017 02:00 PM,July-2-2017 04:00 PM,http://www.redfin.com/CA/San-Francisco/451-Frederick-St-94117/home/1444000,San Francisco MLS,459505,N,Y,37.7664838,-122.4514433
MLS Listing,,Condo/Co-op,133 Charles St,San Francisco,CA,94131,1100000,2,1,Glen Park,972,,1910,9,1132,400,Active,,,http://www.redfin.com/CA/San-Francisco/133-Charles-St-94131/home/130705027,San Francisco MLS,459668,N,Y,37.7383043,-122.4258516
MLS Listing,,Single Family Residential,2526 Francisco St,San Francisco,CA,94123,5588000,5,4.5,Marina,3945,2896,1927,9,1416,,Active,July-2-2017 02:00 PM,July-2-2017 04:00 PM,http://www.redfin.com/CA/San-Francisco/2526-Francisco-St-94123/home/881834,San Francisco MLS,459673,N,Y,37.8005965,-122.4468295
MLS Listing,,Single Family Residential,4217 22nd St,San Francisco,CA,94114,1659000,3,2,Noe Valley,1913,1912,1908,9,867,,Active,July-2-2017 02:00 PM,July-2-2017 04:00 PM,http://www.redfin.com/CA/San-Francisco/4217-22nd-St-94114/home/678962,San Francisco MLS,459574,N,Y,37.7540404,-122.4391627
MLS Listing,,Single Family Residential,519 Sanchez St,San Francisco,CA,94114,2600000,4,2,Eureka Valley/Dolore,2938,2748,,9,885,,Active,,,http://www.redfin.com/CA/San-Francisco/519-Sanchez-St-94114/home/1719369,San Francisco MLS,459663,N,Y,37.760781,-122.430204
MLS Listing,,Single Family Residential,307 Athens St,San Francisco,CA,94112,995000,4,2,Excelsior,2007,2500,1922,9,496,,Active,July-2-2017 01:00 PM,July-2-2017 04:00 PM,http://www.redfin.com/CA/San-Francisco/307-Athens-St-94112/home/1671679,San Francisco MLS,457091,N,Y,37.722919,-122.427118
MLS Listing,,Condo/Co-op,1160 Mission St #1803,San Francisco,CA,94103,825000,1,1,South of Market,756,,2008,9,1091,669,Active,,,http://www.redfin.com/CA/San-Francisco/1160-Mission-St-94103/unit-1803/home/17306799,San Francisco MLS,458193,N,Y,37.7783901,-122.412238
MLS Listing,,Condo/Co-op,1430 Jackson St,San Francisco,CA,94109,2395000,4,2.5,Nob Hill,,,1909,9,,414,Active,July-2-2017 02:00 PM,July-2-2017 04:00 PM,http://www.redfin.com/CA/San-Francisco/1430-Jackson-St-94109/home/929928,San Francisco MLS,459666,N,Y,37.7945801,-122.4186572
MLS Listing,,Single Family Residential,228 Lobos St,SAN FRANCISCO,CA,94112,699000,4,1.5,SAN FRANCISCO,1472,2996,1910,9,475,,Active,July-2-2017 02:00 PM,July-2-2017 04:00 PM,http://www.redfin.com/CA/San-Francisco/228-Lobos-St-94112/home/1607764,MLSListings,ML81667289,N,Y,37.7150666,-122.4601698
MLS Listing,,Condo/Co-op,146 Beaver St,San Francisco,CA,94114,899000,1,1,Corona Heights,839,,1931,9,1072,350,Active,July-2-2017 02:00 PM,July-2-2017 04:00 PM,http://www.redfin.com/CA/San-Francisco/146-Beaver-St-94114/home/12277176,San Francisco MLS,459664,N,Y,37.7650249,-122.4364141
MLS Listing,,Condo/Co-op,417 Ashbury St,San Francisco,CA,94117,1275000,2,1,Haight Ashbury,1352,,1947,9,943,,Active,July-2-2017 02:00 PM,July-2-2017 04:00 PM,http://www.redfin.com/CA/San-Francisco/417-Ashbury-St-94117/home/1458823,San Francisco MLS,459251,N,Y,37.771558,-122.447424
MLS Listing,,Condo/Co-op,425 1st St #2902,San Francisco,CA,94105,2775000,3,3,South Beach,1971,,2008,9,1408,990,Active,July-2-2017 01:00 PM,July-2-2017 04:00 PM,http://www.redfin.com/CA/San-Francisco/425-1st-St-94105/unit-2902/home/17305653,San Francisco MLS,459535,N,Y,37.7861411,-122.392459
MLS Listing,,Single Family Residential,500 Rockdale Dr,San Francisco,CA,94127-1705,1880800,6,4,Bayview,,2340,1931,9,,,Active,July-2-2017 01:00 PM,July-2-2017 04:00 PM,http://www.redfin.com/CA/San-Francisco/500-Rockdale-Dr-94127/home/1604644,EBRD/CCAR/Bay East,40786741,N,Y,37.739412,-122.449295
MLS Listing,,Condo/Co-op,4057 Cesar Chavez,SAN FRANCISCO,CA,94131,1190000,2,2,SAN FRANCISCO,1,,1910,10,1190000,,Active,July-2-2017 02:00 PM,July-2-2017 04:00 PM,http://www.redfin.com/CA/San-Francisco/4057-Cesar-Chavez-St-94131/home/113973542,MLSListings,ML81667261,N,Y,37.7474995,-122.4305096
MLS Listing,,Condo/Co-op,244 30th St #244,San Francisco,CA,94131,995000,2,1,Noe Valley,,,1926,10,,200,Active,July-2-2017 02:00 PM,July-2-2017 04:00 PM,http://www.redfin.com/CA/San-Francisco/244-30th-St-94131/unit-244/home/130146612,San Francisco MLS,459606,N,Y,37.742413,-122.425355
MLS Listing,,Single Family Residential,346 Hearst Ave,San Francisco,CA,94112,1689000,5,5.5,Sunnyside,3000,2809,1900,10,563,,Active,July-2-2017 02:00 PM,July-2-2017 04:00 PM,http://www.redfin.com/CA/San-Francisco/346-Hearst-Ave-94112/home/1834542,San Francisco MLS,459568,N,Y,37.730955,-122.445398
MLS Listing,,Condo/Co-op,501 Crescent Way #5203,SAN FRANCISCO,CA,94134,650000,2,2,SAN FRANCISCO,1166,72305,2006,10,557,422,Active,,,http://www.redfin.com/CA/San-Francisco/501-Crescent-Way-94134/unit-5203/home/12402608,MLSListings,ML81667156,N,Y,37.711929,-122.388606
MLS Listing,,Single Family Residential,400 Goettingen St,San Francisco,CA,94134,875000,2,1,Portola,1125,2696,1926,10,778,,Active,July-2-2017 02:00 PM,July-2-2017 04:00 PM,http://www.redfin.com/CA/San-Francisco/400-Goettingen-St-94134/home/775939,San Francisco MLS,459655,N,Y,37.7266969,-122.4067402
MLS Listing,,Townhouse,205 Diamond Cove Ter,SAN FRANCISCO,CA,94134,969000,2,2.5,SAN FRANCISCO,1390,8665,2012,10,697,363,Active,July-2-2017 01:00 PM,July-2-2017 04:00 PM,http://www.redfin.com/CA/San-Francisco/205-Diamond-Cove-Ter-94134/home/40624319,MLSListings,ML81667217,N,Y,37.7126428,-122.393541
MLS Listing,,Condo/Co-op,301 Crescent Ct #3412,San Francisco,CA,94134,525000,1,1,Candlestick Point,842,,2007,10,624,373,Active,July-2-2017 01:00 PM,July-2-2017 04:00 PM,http://www.redfin.com/CA/San-Francisco/301-Crescent-Ct-94134/unit-3412/home/12277965,San Francisco MLS,459591,N,Y,37.711177,-122.388087
MLS Listing,,Condo/Co-op,146 Portola Dr #202,San Francisco,CA,94131,798000,1,1,Twin Peaks,689,,1963,10,1158,715,Active,July-2-2017 01:30 PM,July-2-2017 04:30 PM,http://www.redfin.com/CA/San-Francisco/146-Portola-Dr-94131/unit-202/home/12113336,San Francisco MLS,459653,N,Y,37.7487023,-122.4444033
MLS Listing,,Condo/Co-op,699 Pennsylvania Ave #3,San Francisco,CA,94107,878000,1,1.5,Potrero Hill,1014,,2001,10,866,507,Active,,,http://www.redfin.com/CA/San-Francisco/699-Pennsylvania-Ave-94107/unit-3/home/1143122,San Francisco MLS,459648,N,Y,37.7578367,-122.392861
MLS Listing,,Multi-Family (2-4 Unit),318-320 Utah St,San Francisco,CA,94103,1695000,5,2,Potrero Hill,2562,2548,1900,10,662,,Active,,,http://www.redfin.com/CA/San-Francisco/320-Utah-St-94103/home/1405866,San Francisco MLS,459641,N,Y,37.7654017,-122.4068203
MLS Listing,,Single Family Residential,83 Maddux Ave,San Francisco,CA,94124,888000,3,1,Silver Terrace,1720,2452,1942,10,516,,Active,,,http://www.redfin.com/CA/San-Francisco/83-Maddux-Ave-94124/home/1149535,San Francisco MLS,458957,N,Y,37.7338793,-122.3982304
MLS Listing,,Single Family Residential,15 Hillview Ct,San Francisco,CA,94124,875000,3,2.5,Bayview,2004,2270,1984,10,437,,Active,,,http://www.redfin.com/CA/San-Francisco/15-Hillview-Ct-94124/home/1767900,San Francisco MLS,459432,N,Y,37.7353916,-122.3846971
MLS Listing,,Single Family Residential,1413 Noe St,San Francisco,CA,94131,1995000,4,3,Noe Valley,1656,1568,1916,10,1205,,Active,,,http://www.redfin.com/CA/San-Francisco/1413-Noe-St-94131/home/802629,San Francisco MLS,458996,N,Y,37.746052,-122.431113
MLS Listing,,Single Family Residential,1222 Funston Ave,San Francisco,CA,94122,1200000,1,1,Inner Sunset,750,2996,1908,10,1600,,Active,,,http://www.redfin.com/CA/San-Francisco/1222-Funston-Ave-94122/home/628363,San Francisco MLS,459323,N,Y,37.765175,-122.470359
MLS Listing,,Multi-Family (2-4 Unit),736-738 Natoma St,San Francisco,CA,94103,1800000,6,1,South of Market,4120,1873,1911,10,437,,Active,,,http://www.redfin.com/CA/San-Francisco/736-Natoma-St-94103/home/983802,San Francisco MLS,459484,N,Y,37.776275,-122.412921
MLS Listing,,Condo/Co-op,2655 Bush St #111,San Francisco,CA,94115,1050000,1,1.5,Lower Pacific Height,980,,2016,10,1071,811,Active,,,http://www.redfin.com/CA/San-Francisco/2655-Bush-St-94115/unit-111/home/104496881,San Francisco MLS,459221,N,Y,37.7858334,-122.4406677
MLS Listing,,Condo/Co-op,645 Texas #109,San Francisco,CA,94107,795000,1,1,Potrero Hill,634,,2017,10,1254,530,Active,,,http://www.redfin.com/CA/San-Francisco/645-Texas-St-94107/unit-109/home/129908235,San Francisco MLS,459640,N,Y,37.757934,-122.3944733
MLS Listing,,Single Family Residential,701 Teresita,San Francisco,CA,94127,1895000,4,4,Miraloma Park,2252,,1940,10,841,,Active,July-2-2017 12:00 PM,July-2-2017 04:00 PM,http://www.redfin.com/CA/San-Francisco/701-Teresita-Blvd-94127/home/1734132,San Francisco MLS,459584,N,Y,37.735546,-122.446058
MLS Listing,,Single Family Residential,10 Lapham Way,San Francisco,CA,94112,899000,4,2,Crocker Amazon,1859,3336,1950,10,484,,Active,July-2-2017 02:00 PM,July-2-2017 04:00 PM,http://www.redfin.com/CA/San-Francisco/10-Lapham-Way-94112/home/790975,San Francisco MLS,459633,N,Y,37.710454,-122.4300664
MLS Listing,,Multi-Family (2-4 Unit),654-656 33rd Ave,San Francisco,CA,94121,1799000,4,4,Outer Richmond,3350,2996,1926,10,537,,Active,July-2-2017 02:00 PM,July-2-2017 04:00 PM,http://www.redfin.com/CA/San-Francisco/656-33rd-Ave-94121/home/1826760,San Francisco MLS,459635,N,Y,37.7766933,-122.4931095
MLS Listing,,Single Family Residential,971 Avalon Ave,San Francisco,CA,94112,599900,2,1,San Francisco,750,3158,1950,10,,,Active,,,http://www.redfin.com/CA/San-Francisco/971-Avalon-Ave-94112/home/947382,MetroList,17038589,N,Y,37.7250927,-122.4239359
MLS Listing,,Condo/Co-op,1310 Minnesota #301,San Francisco,CA,94107,1200000,1,2,Central Waterfront,902,,2002,10,1330,380,Active,July-8-2017 01:30 PM,July-8-2017 04:00 PM,http://www.redfin.com/CA/San-Francisco/1310-Minnesota-St-94107/unit-301/home/12399541,San Francisco MLS,459425,N,Y,37.7536932,-122.3900667
MLS Listing,,Single Family Residential,546 34th Ave,San Francisco,CA,94121,4333000,5,7,Outer Richmond,5480,2996,2017,10,791,,Active,July-2-2017 01:00 PM,July-2-2017 04:00 PM,http://www.redfin.com/CA/San-Francisco/546-34th-Ave-94121/home/1237303,San Francisco MLS,459596,N,Y,37.7787099,-122.493982
MLS Listing,,Single Family Residential,466 Hill St,San Francisco,CA,94114,2790000,5,3.5,Eureka Valley/Dolore,3169,2848,1900,10,880,,Active,July-2-2017 01:00 PM,July-2-2017 04:00 PM,http://www.redfin.com/CA/San-Francisco/466-Hill-St-94114/home/1463298,San Francisco MLS,458011,N,Y,37.7555621,-122.4315573
MLS Listing,,Single Family Residential,2687 39th Ave,San Francisco,CA,94116,888000,3,2,Outer Parkside,1373,1750,1948,10,647,,Active,July-2-2017 02:00 PM,July-2-2017 04:00 PM,http://www.redfin.com/CA/San-Francisco/2687-39th-Ave-94116/home/1564487,San Francisco MLS,459561,N,Y,37.7367846,-122.4969322
MLS Listing,,Single Family Residential,37 Maynard St,San Francisco,CA,94112,1095000,3,3.5,Excelsior,2100,2247,1915,10,521,,Active,July-2-2017 02:00 PM,July-2-2017 04:00 PM,http://www.redfin.com/CA/San-Francisco/37-Maynard-St-94112/home/1727612,San Francisco MLS,459415,N,Y,37.7293962,-122.4297095
MLS Listing,,Multi-Family (2-4 Unit),535-537 Fell St,San Francisco,CA,94102,1688000,6,2,Hayes Valley,3174,2117,1900,10,532,,Active,,,http://www.redfin.com/CA/San-Francisco/537-Fell-St-94102/home/1937390,San Francisco MLS,459265,N,Y,37.7753667,-122.4267613
MLS Listing,,Single Family Residential,2184 Funston Ave,San Francisco,CA,94115,2195000,3,2.5,Golden Gate Heights,2433,,1978,10,902,,Active,July-2-2017 01:00 PM,July-2-2017 04:00 PM,http://www.redfin.com/CA/San-Francisco/2184-Funston-Ave-94116/home/963853,San Francisco MLS,459597,N,Y,37.747432,-122.4692531
MLS Listing,,Condo/Co-op,2121 Webster St #609,San Francisco,CA,94115,4995000,3,3,Pacific Heights,2395,,2016,10,2086,1737,Active,July-2-2017 12:00 PM,July-2-2017 04:00 PM,http://www.redfin.com/CA/San-Francisco/2121-Webster-St-94115/unit-609/home/129524036,San Francisco MLS,459625,N,Y,37.7902213,-122.4329717
MLS Listing,,Condo/Co-op,401 Harrison St Unit 42A,San Francisco,CA,94105,3195000,2,2,South Beach,1857,,2014,10,1721,1437,Active,,,http://www.redfin.com/CA/San-Francisco/401-Harrison-St-94105/unit-42A/home/129524011,San Francisco MLS,459614,N,Y,37.7865463,-122.3920492
MLS Listing,,Condo/Co-op,1001 Pine St #806,San Francisco,CA,94109,615000,1,1,Downtown,650,,1963,11,946,511,Active,,,http://www.redfin.com/CA/San-Francisco/1001-Pine-St-94109/unit-806/home/1108217,San Francisco MLS,459617,N,Y,37.790348,-122.412568
MLS Listing,,Condo/Co-op,401 Harrison St Unit 8A,San Francisco,CA,94105,995000,1,1,South Beach,840,,2014,11,1185,1096,Active,,,http://www.redfin.com/CA/San-Francisco/401-Harrison-St-94105/unit-8A/home/129317663,San Francisco MLS,459612,N,Y,37.7865463,-122.3920492
MLS Listing,,Condo/Co-op,1578 Fulton St,San Francisco,CA,94117,2495000,3,3,North Panhandle,2634,,,11,947,,Active,July-2-2017 02:00 PM,July-2-2017 04:00 PM,http://www.redfin.com/CA/San-Francisco/1578-Fulton-St-94117/home/129273332,San Francisco MLS,459455,N,Y,37.7765074,-122.4427597
MLS Listing,,Single Family Residential,3669 21st St,San Francisco,CA,94114,7000000,2,1,San Francisco,1071,6926,1900,11,6536,,Active,,,http://www.redfin.com/CA/San-Francisco/3669-21st-St-94114/home/1742186,CRMLS,OC17141021,N,Y,37.756127,-122.429327
MLS Listing,,Single Family Residential,776 Head St,San Francisco,CA,94132,1179000,3,2,SFO - San Francisco,1700,2495,1926,11,694,,Active,July-2-2017 02:00 PM,July-2-2017 04:00 PM,http://www.redfin.com/CA/San-Francisco/776-Head-St-94132/home/819886,CRMLS,OC17140979,N,Y,37.7210465,-122.4642761
MLS Listing,,Condo/Co-op,900 Bush #721,San Francisco,CA,94109,915000,2,2,Downtown,928,,,11,986,870,Active,July-2-2017 01:00 PM,July-2-2017 05:00 PM,http://www.redfin.com/CA/San-Francisco/900-Bush-St-94109/unit-721/home/1876693,San Francisco MLS,459558,N,Y,37.7900062,-122.4124382
MLS Listing,,Single Family Residential,1107 Fitzgerald Ave,San Francisco,CA,94124,499900,2,1,Bayview,968,2495,1950,11,516,,Active,,,http://www.redfin.com/CA/San-Francisco/1107-Fitzgerald-Ave-94124/home/742893,San Francisco MLS,459537,N,Y,37.7198921,-122.389788
MLS Listing,,Multi-Family (2-4 Unit),322 28th St,San Francisco,CA,94131,1628000,4,2,Noe Valley,2155,4338,1900,11,755,,Active,July-2-2017 02:00 PM,July-2-2017 04:00 PM,http://www.redfin.com/CA/San-Francisco/322-28th-St-94131/home/1114742,San Francisco MLS,459539,N,Y,37.7453294,-122.4297058
MLS Listing,,Condo/Co-op,2987 Mission St #404,San Francisco,CA,94110,825000,2,1,Inner Mission,842,,1979,11,980,407,Active,,,http://www.redfin.com/CA/San-Francisco/2987-Mission-St-94110/unit-404/home/799738,San Francisco MLS,459291,N,Y,37.7494608,-122.4177705
MLS Listing,,Townhouse,205 E Crystal Cv,San Francisco,CA,94134,1100000,3,3,Candlestick Point,1575,,2011,11,698,375,Active,July-2-2017 02:00 PM,July-2-2017 04:00 PM,http://www.redfin.com/CA/San-Francisco/205-E-Crystal-Cove-Ter-94134/home/45438557,San Francisco MLS,458949,N,Y,37.7122018,-122.3935584
MLS Listing,,Single Family Residential,1529 Dolores St,San Francisco,CA,94110,1777500,4,2,Noe Valley,1700,2495,1910,11,1046,,Active,,,http://www.redfin.com/CA/San-Francisco/1529-Dolores-St-94110/home/1753014,San Francisco MLS,459507,N,Y,37.744991,-122.424122
MLS Listing,,Multi-Family (2-4 Unit),3839-3841 Judah St,San Francisco,CA,94122,1050000,4,2,Outer Sunset,2070,2500,1945,11,507,,Active,July-2-2017 02:00 PM,July-2-2017 04:00 PM,http://www.redfin.com/CA/San-Francisco/3841-Judah-St-94122/home/1563496,San Francisco MLS,459583,N,Y,37.7605457,-122.5034337
MLS Listing,,Single Family Residential,1759 18th Ave,San Francisco,CA,94122,1399000,4,3,Inner Sunset,2352,2375,1928,11,595,,Active,July-2-2017 02:00 PM,July-2-2017 04:00 PM,http://www.redfin.com/CA/San-Francisco/1759-18th-Ave-94122/home/1889206,San Francisco MLS,459572,N,Y,37.7549824,-122.4757266
MLS Listing,,Single Family Residential,1586 35th Ave,San Francisco,CA,94122,1195000,3,2,Central Sunset,1792,2587,1932,11,667,,Active,July-2-2017 02:00 PM,July-2-2017 04:00 PM,http://www.redfin.com/CA/San-Francisco/1586-35th-Ave-94122/home/1368403,San Francisco MLS,459580,N,Y,37.7575247,-122.493655
MLS Listing,,Single Family Residential,,San Francisco,CA,94112,895000,2,1,Crocker Amazon,1478,3676,1950,11,606,,Active,July-2-2017 01:00 PM,July-2-2017 04:30 PM,http://www.redfin.com/CA/San-Francisco/Undisclosed-address-94112/home/791005,San Francisco MLS,459570,N,Y,37.709705,-122.428899
MLS Listing,,Single Family Residential,147 Bacon St,SAN FRANCISCO,CA,94134,898000,3,2,SAN FRANCISCO,1967,1964,1928,11,457,,Active,,,http://www.redfin.com/CA/San-Francisco/147-Bacon-St-94134/home/1598785,MLSListings,ML81656941,N,Y,37.727231,-122.404258
MLS Listing,,Single Family Residential,1765 Revere Ave,San Francisco,CA,94124,699000,2,1,Bayview,825,3123,1906,11,847,,Active,July-2-2017 02:00 PM,July-2-2017 04:00 PM,http://www.redfin.com/CA/San-Francisco/1765-Revere-Ave-94124/home/1282208,San Francisco MLS,459578,N,Y,37.733303,-122.3933168
MLS Listing,,Multi-Family (2-4 Unit),829-831 Oak St,San Francisco,CA,94117,2250000,6,4,Hayes Valley,4572,4120,1900,11,492,,Active,July-2-2017 02:00 PM,July-2-2017 04:00 PM,http://www.redfin.com/CA/San-Francisco/831-Oak-St-94117/home/1060080,San Francisco MLS,459353,N,Y,37.7735765,-122.4330636
MLS Listing,,Condo/Co-op,1578 Indiana St #4,San Francisco,CA,94107,775000,1,1.5,Central Waterfront,1244,,2003,12,623,716,Active,,,http://www.redfin.com/CA/San-Francisco/1578-Indiana-St-94107/unit-4/home/1640857,San Francisco MLS,459563,N,Y,37.7504804,-122.3907515
MLS Listing,,Condo/Co-op,1070 Post St #3,San Francisco,CA,94109,819000,2,1.5,Downtown,,,1911,12,,,Active,July-2-2017 01:00 PM,July-2-2017 04:00 PM,http://www.redfin.com/CA/San-Francisco/1070-Post-St-94109/unit-3/home/128304131,San Francisco MLS,459547,N,Y,37.787158,-122.419338
MLS Listing,,Single Family Residential,3060 26th Ave,San Francisco,CA,94132,1280000,3,3,Merced Manor,1819,4098,1933,12,704,,Active,July-2-2017 02:00 PM,July-2-2017 04:00 PM,http://www.redfin.com/CA/San-Francisco/3060-26th-Ave-94132/home/1552283,San Francisco MLS,458972,N,Y,37.731623,-122.48155
MLS Listing,,Single Family Residential,,San Francisco,CA,94112,1295000,5,2,Mission Terrace,1625,2495,1915,12,797,,Active,July-2-2017 01:00 PM,July-2-2017 04:00 PM,http://www.redfin.com/CA/San-Francisco/Undisclosed-address-94112/home/1440515,San Francisco MLS,459420,N,Y,37.7226853,-122.4396394
MLS Listing,,Condo/Co-op,325 Berry St #527,San Francisco,CA,94158,1699000,2,2,Mission Bay,1416,,2007,12,1200,644,Active,July-2-2017 02:00 PM,July-2-2017 04:00 PM,http://www.redfin.com/CA/San-Francisco/325-Berry-St-94158/unit-527/home/17304643,San Francisco MLS,459349,N,Y,37.7734128,-122.3957474
MLS Listing,,Single Family Residential,406 Lansdale Ave,SAN FRANCISCO,CA,94127,2690000,4,3.5,SAN FRANCISCO,4509,5174,1975,13,597,,Active,,,http://www.redfin.com/CA/San-Francisco/406-Lansdale-Ave-94127/home/1148234,MLSListings,ML81656709,N,Y,37.7359722,-122.4571359
MLS Listing,,Multi-Family (5+ Unit),4500 Mission St,San Francisco,CA,94112,6500000,,,Mission Terrace,11000,4996,1928,13,591,,Active,,,http://www.redfin.com/CA/San-Francisco/4500-Mission-St-94112/home/84246149,San Francisco MLS,459532,N,Y,37.725775,-122.434341
MLS Listing,,Condo/Co-op,1545 Pine St #207,San Francisco,CA,94109,660500,0,1,Van Ness/Civic Center,537,,2017,13,1230,601,Active,,,http://www.redfin.com/CA/San-Francisco/1545-Pine-St-94109/unit-207/home/127579635,San Francisco MLS,459528,N,Y,37.7892442,-122.4212438
MLS Listing,,Condo/Co-op,1545 Pine St #1003,San Francisco,CA,94109,1046500,1,1,Van Ness/Civic Center,626,,2017,13,1672,797,Active,,,http://www.redfin.com/CA/San-Francisco/1545-Pine-St-94109/unit-1003/home/127574080,San Francisco MLS,459527,N,Y,37.7892442,-122.4212438
MLS Listing,,Condo/Co-op,65 Hermann St #9,San Francisco,CA,94102,1095000,2,1,San Francisco County,1215,5580,1959,13,901,452,Active,July-2-2017 01:00 PM,July-2-2017 04:00 PM,http://www.redfin.com/CA/San-Francisco/65-Hermann-St-94102/unit-9/home/1515046,BAREIS,21714247,N,Y,37.7704883,-122.4261728
MLS Listing,,Single Family Residential,118 Manchester St,San Francisco,CA,94110,1500000,3,2,Bernal Heights,,,1910,13,,,Active,July-2-2017 02:00 PM,July-2-2017 05:00 PM,http://www.redfin.com/CA/San-Francisco/118-Manchester-St-94110/home/1583461,San Francisco MLS,459029,N,Y,37.7446175,-122.4143223
MLS Listing,,Condo/Co-op,1255 California St #204,San Francisco,CA,94109,1495000,2,2,Nob Hill,1410,,1984,13,1060,939,Active,,,http://www.redfin.com/CA/San-Francisco/1255-California-St-94109/unit-204/home/1365950,San Francisco MLS,459401,N,Y,37.7910384,-122.4150626
MLS Listing,,Multi-Family (2-4 Unit),1167-1168 York St,San Francisco,CA,94110,1799000,4,,Inner Mission,2766,2600,1906,13,650,,Active,,,http://www.redfin.com/CA/San-Francisco/1167-York-St-94110/home/127311015,San Francisco MLS,459500,N,Y,37.75342,-122.407966
MLS Listing,,Condo/Co-op,3342 21st St,San Francisco,CA,94110,1295000,3,1,Eureka Valley/Dolore,1323,,1904,13,979,195,Active,July-2-2017 02:00 PM,July-2-2017 04:00 PM,http://www.redfin.com/CA/San-Francisco/3342-21st-St-94110/home/12277650,San Francisco MLS,459511,N,Y,37.757087,-122.422138
MLS Listing,,Condo/Co-op,1335 Filbert St #204,San Francisco,CA,94109,799000,1,1,Russian Hill,990,,1924,13,807,519,Active,July-2-2017 02:00 PM,July-2-2017 04:00 PM,http://www.redfin.com/CA/San-Francisco/1335-Filbert-94109/unit-204/home/1658901,San Francisco MLS,458386,N,Y,37.799544,-122.421513
MLS Listing,,Condo/Co-op,201 Folsom St Unit 21H,San Francisco,CA,94105,1235000,1,1,South Beach,853,,2016,13,1448,993,Active,July-2-2017 11:00 AM,July-2-2017 05:00 PM,http://www.redfin.com/CA/San-Francisco/201-Folsom-St-94105/unit-21H/home/127250182,San Francisco MLS,459509,N,Y,37.7886997,-122.39226
MLS Listing,,Condo/Co-op,201 Folsom St Unit 3F,San Francisco,CA,94105,1520000,2,2,South Beach,1187,,2017,13,1281,1057,Active,July-2-2017 11:00 AM,July-2-2017 05:00 PM,http://www.redfin.com/CA/San-Francisco/201-Folsom-St-94105/unit-3F/home/127245088,San Francisco MLS,459508,N,Y,37.7886997,-122.39226
MLS Listing,,Condo/Co-op,1370 Green St,San Francisco,CA,94109,1999000,3,2,Russian Hill,1861,,1908,13,1074,,Active,July-2-2017 02:00 PM,July-2-2017 04:00 PM,http://www.redfin.com/CA/San-Francisco/1370-Green-St-94109/home/1030138,San Francisco MLS,459444,N,Y,37.798102,-122.421732
MLS Listing,,Condo/Co-op,318 Spear St Unit 6K,San Francisco,CA,94105,925000,1,1,South Beach,832,,2008,13,1112,880,Active,July-2-2017 02:00 PM,July-2-2017 04:00 PM,http://www.redfin.com/CA/San-Francisco/318-Spear-St-94105/unit-6K/home/21966823,San Francisco MLS,459252,N,Y,37.7897457,-122.3908558
MLS Listing,,Condo/Co-op,89 Goethe St #7,DALY CITY,CA,94014,698999,2,1.5,DALY CITY,1165,4000,2005,14,600,369,Active,,,http://www.redfin.com/CA/Daly-City/89-Goethe-St-94014/unit-7/home/12225740,MLSListings,ML81656524,N,Y,37.7081346,-122.4587577
MLS Listing,,Single Family Residential,548 Rhode Island St,San Francisco,CA,94107,4495000,4,3.5,Potrero Hill,,,2017,14,,,Active,July-2-2017 02:00 PM,July-2-2017 04:00 PM,http://www.redfin.com/CA/San-Francisco/548-Rhode-Island-St-94107/home/727799,San Francisco MLS,459502,N,Y,37.7628272,-122.4026177
MLS Listing,,Single Family Residential,20 Westwood Dr,San Francisco,CA,94112,1895000,4,2,Westwood Park,2128,5436,1924,15,891,7,Active,July-2-2017 02:00 PM,July-2-2017 04:00 PM,http://www.redfin.com/CA/San-Francisco/20-Westwood-Dr-94112/home/1395664,San Francisco MLS,459480,N,Y,37.7260727,-122.4587818
MLS Listing,,Condo/Co-op,1450 Franklin St #1205,San Francisco,CA,94109,1685000,2,2,Van Ness/Civic Center,1326,,2017,15,1271,960,Active,,,http://www.redfin.com/CA/San-Francisco/1450-Franklin-St-94109/unit-1205/home/125479012,San Francisco MLS,459497,N,Y,37.78817,-122.4234712
MLS Listing,,Single Family Residential,2625 Scott St,San Francisco,CA,94123,5950000,5,3.5,Pacific Heights,3660,2742,1940,15,1626,,Active,July-2-2017 02:00 PM,July-2-2017 04:00 PM,http://www.redfin.com/CA/San-Francisco/2625-Scott-St-94123/home/1145954,San Francisco MLS,459209,N,Y,37.794046,-122.440209
MLS Listing,,Single Family Residential,19 Forest View Dr,SAN FRANCISCO,CA,94132,1195000,4,2,SAN FRANCISCO,1643,2495,1941,15,727,,Active,July-2-2017 02:00 PM,July-2-2017 04:00 PM,http://www.redfin.com/CA/San-Francisco/19-Forest-View-Dr-94132/home/1713515,MLSListings,ML81656470,N,Y,37.7338332,-122.4839947
MLS Listing,,Single Family Residential,219 Ralston St,San Francisco,CA,94132,949000,3,3,Ingleside Heights,1570,2495,1928,16,604,,Active,,,http://www.redfin.com/CA/San-Francisco/219-Ralston-St-94132/home/2009484,San Francisco MLS,459459,N,Y,37.7164922,-122.4691614
MLS Listing,,Single Family Residential,1276 Geneva Ave,SAN FRANCISCO,CA,94112,798060,5,3,SAN FRANCISCO,1839,2500,1923,16,434,,Active,,,http://www.redfin.com/CA/San-Francisco/1276-Geneva-Ave-94112/home/1986401,MLSListings,ML81656446,N,Y,37.7134118,-122.4350377
MLS Listing,,Single Family Residential,30 Gilroy St,San Francisco,CA,94124,788000,3,2,Bayview,1470,3333,1981,16,536,,Active,July-2-2017 02:00 PM,July-2-2017 04:00 PM,http://www.redfin.com/CA/San-Francisco/30-Gilroy-St-94124/home/1630894,San Francisco MLS,459489,N,Y,37.7162289,-122.3890885
MLS Listing,,Single Family Residential,2738 Judah St,San Francisco,CA,94112,1499999,9,3,Sunset,2960,2495,1948,16,507,,Active,,,http://www.redfin.com/CA/San-Francisco/2738-Judah-St-94122/home/113972763,EBRD/CCAR/Bay East,40785927,N,Y,37.761301,-122.491652
MLS Listing,,Townhouse,101 Lombard St #28,San Francisco,CA,94109,750000,1,1,North Waterfront,789,,1983,16,951,715,Active,,,http://www.redfin.com/CA/San-Francisco/101-Lombard-St-94111/unit-28/home/540090,San Francisco MLS,459215,N,Y,37.8035204,-122.4043894
MLS Listing,,Multi-Family (2-4 Unit),2409 Sacramento St,San Francisco,CA,94115,3495000,,,Pacific Heights,4069,3381,1900,16,859,,Active,,,http://www.redfin.com/CA/San-Francisco/2409-Sacramento-St-94115/home/110054089,San Francisco MLS,459406,N,Y,37.7897252,-122.4328517
MLS Listing,,Condo/Co-op,765 Market St Unit 36G,San Francisco,CA,94103,3495000,2,2.5,South of Market,1747,,2001,16,2001,2194,Active,,,http://www.redfin.com/CA/San-Francisco/765-Market-St-94103/unit-36G/home/867962,San Francisco MLS,459473,N,Y,37.786212,-122.404303
MLS Listing,,Condo/Co-op,3129-3139 Folsom St #3137,San Francisco,CA,94110,795000,2,1,Bernal Heights,933,,1909,16,852,360,Active,,,http://www.redfin.com/CA/San-Francisco/3139-Folsom-St-94110/unit-3137/home/45461855,San Francisco MLS,459146,N,Y,37.7477111,-122.4133711
MLS Listing,,Condo/Co-op,645 Texas #207,San Francisco,CA,94107,1195000,2,2,Potrero Hill,949,,2017,16,1259,658,Active,July-2-2017 01:00 PM,July-2-2017 04:00 PM,http://www.redfin.com/CA/San-Francisco/645-Texas-St-94107/unit-207/home/124613979,San Francisco MLS,459467,N,Y,37.757934,-122.3944733
MLS Listing,,Single Family Residential,511 15th Ave,San Francisco,CA,94118,2650000,4,3.5,Central Richmond,3113,2250,1913,16,851,,Active,July-2-2017 02:00 PM,July-2-2017 04:30 PM,http://www.redfin.com/CA/San-Francisco/511-15th-Ave-94118/home/1635815,San Francisco MLS,459443,N,Y,37.7783804,-122.4740186
MLS Listing,,Single Family Residential,2131 33rd Ave,San Francisco,CA,94116,1495000,5,3,Parkside,2140,2996,1945,16,699,,Active,,,http://www.redfin.com/CA/San-Francisco/2131-33rd-Ave-94116/home/652285,San Francisco MLS,459463,N,Y,37.7473468,-122.4912552
MLS Listing,,Condo/Co-op,153 Noe St,San Francisco,CA,94114,1495000,4,2,Duboce Triangle,1918,,1900,16,779,300,Active,July-2-2017 02:00 PM,July-2-2017 04:00 PM,http://www.redfin.com/CA/San-Francisco/153-Noe-St-94114/home/124551389,San Francisco MLS,459457,N,Y,37.7665066,-122.4329747
MLS Listing,,Single Family Residential,515 Delta St,San Francisco,CA,94134,795000,3,2,Visitacion Valley,1221,1500,1928,16,651,,Active,,,http://www.redfin.com/CA/San-Francisco/515-Delta-St-94134/home/1815403,San Francisco MLS,459449,N,Y,37.713459,-122.409152
MLS Listing,,Condo/Co-op,49-59 Beideman St #59,San Francisco,CA,94115,699000,2,1,Western Addition,,,1904,16,,310,Active,July-2-2017 02:00 PM,July-2-2017 04:00 PM,http://www.redfin.com/CA/San-Francisco/49-Beideman-St-94115/unit-59/home/1227993,San Francisco MLS,459430,N,Y,37.7822869,-122.438596
MLS Listing,,Single Family Residential,1911 34th Ave,San Francisco,CA,94116,999999,3,2,Parkside,962,1437,1943,16,1040,,Active,,,http://www.redfin.com/CA/San-Francisco/1911-34th-Ave-94116/home/1757328,San Francisco MLS,459239,N,Y,37.7513939,-122.4926047
MLS Listing,,Single Family Residential,201 Westgate Dr,San Francisco,CA,94127,1795000,4,3,Mount Davidson Manor,2446,4499,1929,16,734,,Active,July-2-2017 02:00 PM,July-2-2017 04:00 PM,http://www.redfin.com/CA/San-Francisco/201-Westgate-Dr-94127/home/1220925,San Francisco MLS,459341,N,Y,37.7301945,-122.4648105
MLS Listing,,Condo/Co-op,2507 Polk St,San Francisco,CA,94109,959000,2,1,Russian Hill,1017,,1900,16,943,400,Active,,,http://www.redfin.com/CA/San-Francisco/2507-Polk-St-94109/home/1929999,San Francisco MLS,458426,N,Y,37.799873,-122.422836
MLS Listing,,Multi-Family (2-4 Unit),321-323 10th St,San Francisco,CA,94103,1849000,3,1,South of Market,2022,2495,1906,16,914,,Active,July-2-2017 01:00 PM,July-2-2017 04:00 PM,http://www.redfin.com/CA/San-Francisco/323-10th-St-94103/home/1526412,San Francisco MLS,458964,N,Y,37.7726041,-122.4122344
MLS Listing,,Condo/Co-op,555 4th St #827,San Francisco,CA,94107,1399000,2,2.5,South Beach,1245,,2006,16,1124,619,Active,July-2-2017 01:00 PM,July-2-2017 04:00 PM,http://www.redfin.com/CA/San-Francisco/555-4th-St-94107/unit-827/home/12402192,San Francisco MLS,459441,N,Y,37.7790947,-122.3971378
MLS Listing,,Single Family Residential,1785-1787 Broadway St,San Francisco,CA,94109,3895000,6,5.5,Pacific Heights,3647,2347,1900,16,1068,,Active,July-2-2017 02:00 PM,July-2-2017 04:00 PM,http://www.redfin.com/CA/San-Francisco/1787-Broadway-94109/home/563585,San Francisco MLS,459350,N,Y,37.7952353,-122.426473
MLS Listing,,Condo/Co-op,900 Bush St #512,San Francisco,CA,94109,749000,1,1,Downtown,876,,1981,16,855,864,Active,July-2-2017 01:00 PM,July-2-2017 05:00 PM,http://www.redfin.com/CA/San-Francisco/900-Bush-St-94109/unit-512/home/1978745,San Francisco MLS,458978,N,Y,37.7900062,-122.4124382
MLS Listing,,Condo/Co-op,2850 C Fillmore St,San Francisco,CA,94123,998000,1,1,Pacific Heights,1023,,1914,16,976,660,Active,July-2-2017 02:00 PM,July-2-2017 05:00 PM,http://www.redfin.com/CA/San-Francisco/2850-Fillmore-St-94123/unit-C/home/114070476,San Francisco MLS,459427,N,Y,37.7960508,-122.4349435
MLS Listing,,Condo/Co-op,850 Corbett Ave #4,San Francisco,CA,94131,1195000,2,2,Twin Peaks,1690,,2003,16,707,522,Active,,,http://www.redfin.com/CA/San-Francisco/850-Corbett-Ave-94131/unit-4/home/1306691,San Francisco MLS,459042,N,Y,37.753333,-122.443708
MLS Listing,,Condo/Co-op,501 Beale St Unit 12D,San Francisco,CA,94105,1995000,2,2,South Beach,1259,,2006,17,1585,900,Active,July-2-2017 02:00 PM,July-2-2017 04:00 PM,http://www.redfin.com/CA/San-Francisco/501-Beale-St-94105/unit-12D/home/22885832,San Francisco MLS,459433,N,Y,37.7862361,-122.3890738
MLS Listing,,Townhouse,101 Lombard St Unit 23W,San Francisco,CA,94111,875000,1,1,North Waterfront,804,,1983,17,1088,713,Active,July-2-2017 02:00 PM,July-2-2017 04:00 PM,http://www.redfin.com/CA/San-Francisco/101-Lombard-St-94111/unit-23W/home/124085717,San Francisco MLS,459322,N,Y,37.8035204,-122.4043894
MLS Listing,,Condo/Co-op,260 King St #915,San Francisco,CA,94107,879000,1,1,Mission Bay,903,,2004,17,973,777,Active,July-2-2017 01:00 PM,July-2-2017 04:00 PM,http://www.redfin.com/CA/San-Francisco/260-King-St-94107/unit-000915/home/12331066,San Francisco MLS,459429,N,Y,37.7772049,-122.3940134
MLS Listing,,Condo/Co-op,1388 Gough St #1106,San Francisco,CA,94109,999990,2,2,Van Ness/Civic Center,1290,,1993,17,775,1119,Active,,,http://www.redfin.com/CA/San-Francisco/1388-Gough-St-94109/unit-1106/home/1419066,San Francisco MLS,459419,N,Y,37.7857937,-122.4246689
MLS Listing,,Single Family Residential,770 Le Conte Ave,San Francisco,CA,94124,929000,4,3,Bayview Heights,1336,2547,1997,17,695,,Active,July-2-2017 02:00 PM,July-2-2017 04:00 PM,http://www.redfin.com/CA/San-Francisco/770-Le-Conte-Ave-94124/unit-V/home/1849351,San Francisco MLS,459428,N,Y,37.7167958,-122.3962108
MLS Listing,,Vacant Land,0 0,California City,CA,,10000,,,CAC - California City,,9371,,17,,,Active,,,http://www.redfin.com/CA/San-Francisco/0-California-Ave-94130/home/113717097,CRMLS,PW17136106,N,Y,37.817592,-122.3718351
MLS Listing,,Condo/Co-op,16 Jessie St #102,San Francisco,CA,94105,999000,2,2,Yerba Buena,1146,,,17,872,515,Active,,,http://www.redfin.com/CA/San-Francisco/16-Jessie-St-94105/unit-102/home/40138294,San Francisco MLS,458958,N,Y,37.7899349,-122.398961
MLS Listing,,Single Family Residential,490 Vermont St,San Francisco,CA,94107,1780000,5,4,Potrero Hill,2500,1685,1927,17,712,,Active,July-2-2017 01:00 PM,July-2-2017 04:00 PM,http://www.redfin.com/CA/San-Francisco/490-Vermont-St-94107/home/1094110,San Francisco MLS,459396,N,Y,37.763495,-122.404639
MLS Listing,,Single Family Residential,266 Wheeler Ave,San Francisco,CA,94134,950000,5,3,Little Hollywood,1887,3200,1923,17,503,,Active,July-2-2017 02:00 PM,July-2-2017 04:00 PM,http://www.redfin.com/CA/San-Francisco/266-Wheeler-Ave-94134/home/1801538,San Francisco MLS,459387,N,Y,37.712345,-122.4000158
MLS Listing,,Multi-Family (2-4 Unit),813 813 1/2 York St,San Francisco,CA,94110,1700000,5,2.5,Inner Mission,2654,2500,1890,17,641,,Active,July-2-2017 02:00 PM,July-2-2017 04:00 PM,http://www.redfin.com/CA/San-Francisco/813-York-St-94110/home/945990,San Francisco MLS,459374,N,Y,37.7587426,-122.4085727
MLS Listing,,Condo/Co-op,1855 Sacramento St #8,San Francisco,CA,94109,1279000,2,1.5,Pacific Heights,1456,,1916,17,878,523,Active,July-2-2017 02:00 PM,July-2-2017 04:00 PM,http://www.redfin.com/CA/San-Francisco/1855-Sacramento-St-94109/unit-8/home/1787859,San Francisco MLS,459377,N,Y,37.7909519,-122.4234068
MLS Listing,,Multi-Family (2-4 Unit),817-821 Oak,San Francisco,CA,94107,5600000,,,Hayes Valley,6250,,,17,896,,Active,,,http://www.redfin.com/CA/San-Francisco/821-Oak-St-94117/home/1618131,San Francisco MLS,459368,N,Y,37.7735354,-122.4328093
MLS Listing,,Condo/Co-op,1580 Fulton St,San Francisco,CA,94117,2695000,4,4,North Panhandle,3061,,,17,880,,Active,July-2-2017 02:00 PM,July-2-2017 04:00 PM,http://www.redfin.com/CA/San-Francisco/1580-Fulton-St-94117/home/1812078,San Francisco MLS,459344,N,Y,37.776511,-122.442763
MLS Listing,,Condo/Co-op,240 Lombard St #332,San Francisco,CA,94111,599000,1,1,North Waterfront,597,,1993,17,1003,876,Active,July-2-2017 02:00 PM,July-2-2017 04:00 PM,http://www.redfin.com/CA/San-Francisco/240-Lombard-St-94111/unit-332/home/1304246,San Francisco MLS,459282,N,Y,37.8040152,-122.4052531
MLS Listing,,Condo/Co-op,1450 Post St #217,San Francisco,CA,94109,878000,1,2,Lower Pacific Height,1782,,1992,17,493,7272,Active,,,http://www.redfin.com/CA/San-Francisco/1450-Post-St-94109/unit-217/home/1340286,San Francisco MLS,459038,N,Y,37.7863607,-122.4258197
MLS Listing,,Single Family Residential,214 Sagamore St,SAN FRANCISCO,CA,94112,799000,2,2,SAN FRANCISCO,1282,3123,1906,18,623,,Active,,,http://www.redfin.com/CA/San-Francisco/214-Sagamore-St-94112/home/832536,MLSListings,ML81656020,N,Y,37.711673,-122.4595383
MLS Listing,,Condo/Co-op,461 2nd St #133,San Francisco,CA,94107,899000,1,1,South Beach,1106,,1907,18,813,630,Active,July-2-2017 01:00 PM,July-2-2017 04:00 PM,http://www.redfin.com/CA/San-Francisco/461-2nd-St-94107/unit-133/home/102820719,San Francisco MLS,459332,N,Y,37.7836882,-122.3935753
MLS Listing,,Townhouse,2185 Bush St #307,San Francisco,CA,94115,1199000,3,2,Lower Pacific Height,1290,,1984,18,929,731,Active,,,http://www.redfin.com/CA/San-Francisco/2185-Bush-St-94115/unit-307/home/1602328,San Francisco MLS,459112,N,Y,37.7868795,-122.4332431
MLS Listing,,Condo/Co-op,1567 Grove,San Francisco,CA,94117,1550000,3,2,North Panhandle,1475,,1906,18,1051,295,Active,,,http://www.redfin.com/CA/San-Francisco/1567-Grove-St-94117/home/122549523,San Francisco MLS,458834,N,Y,37.775116,-122.442371
MLS Listing,,Condo/Co-op,1565 Grove,San Francisco,CA,94117,1650000,3,2,North Panhandle,1650,,1906,18,1000,295,Active,,,http://www.redfin.com/CA/San-Francisco/1565-Grove-St-94117/home/122549485,San Francisco MLS,458723,N,Y,37.7752862,-122.4423788
MLS Listing,,Condo/Co-op,1569 Grove,San Francisco,CA,94117,1550000,2,2,North Panhandle,1475,,1906,18,1051,295,Active,,,http://www.redfin.com/CA/San-Francisco/1569-Grove-St-94117/home/122548171,San Francisco MLS,458794,N,Y,37.7752788,-122.4424386
MLS Listing,,Condo/Co-op,201 Folsom St Unit 30B,San Francisco,CA,94105,5385000,3,3,South Beach,2692,,2017,19,2000,1363,Active,July-2-2017 11:00 AM,July-2-2017 05:00 PM,http://www.redfin.com/CA/San-Francisco/201-Folsom-St-94105/unit-30B/home/121923930,San Francisco MLS,459303,N,Y,37.7886997,-122.39226
MLS Listing,,Vacant Land,0 GOLD Pl,California City,CA,,6000,,,CAC - California City,,10028,,19,,,Active,,,http://www.redfin.com/CA/San-Francisco/0-Gold-St-94133/home/121834749,CRMLS,DW17133797,N,Y,37.796893,-122.4019339
MLS Listing,,Single Family Residential,915-917 Unit Haight St,San Francisco,CA,94117,1999000,6,2,San Francisco,2748,2748,1900,19,727,,Active,,,http://www.redfin.com/CA/San-Francisco/1600-Holloway-Ave-94132/unit-Haight-St/home/121662960,EBRD/CCAR/Bay East,40785284,N,Y,37.7214966,-122.479805
MLS Listing,,Single Family Residential,478 28th Ave,San Francisco,CA,94121,988000,2,1,Central Richmond,1150,2688,1911,19,859,,Active,,,http://www.redfin.com/CA/San-Francisco/478-28th-Ave-94121/home/1199993,San Francisco MLS,459274,N,Y,37.780443,-122.487674
MLS Listing,,Vacant Land,401 South Van Ness Ave,San Francisco,CA,94103,5950000,,,Inner Mission,,7122,,19,,,Active,,,http://www.redfin.com/CA/San-Francisco/401-S-Van-Ness-Ave-94103/home/121548846,San Francisco MLS,459273,N,Y,37.766634,-122.417319
MLS Listing,,Condo/Co-op,338 Main St Unit 36A,San Francisco,CA,94105,7875000,3,3.5,South Beach,3770,,2016,19,2089,2400,Active,,,http://www.redfin.com/CA/San-Francisco/338-Main-St-94105/unit-36A/home/109000473,San Francisco MLS,459269,N,Y,37.7888208,-122.3912963
MLS Listing,,Condo/Co-op,301 Main St Unit 26F,San Francisco,CA,94105,1899000,2,2,South Beach,1307,,2008,19,1453,947,Active,July-2-2017 02:00 PM,July-2-2017 04:00 PM,http://www.redfin.com/CA/San-Francisco/301-Main-St-94105/unit-26F/home/21966851,San Francisco MLS,459268,N,Y,37.789525,-122.3911753
MLS Listing,,Condo/Co-op,425 1st St #1808,San Francisco,CA,94105,1100000,1,1,South Beach,755,,2008,19,1457,925,Active,July-2-2017 02:00 PM,July-2-2017 04:00 PM,http://www.redfin.com/CA/San-Francisco/425-1st-St-94105/unit-1808/home/17306473,San Francisco MLS,458431,N,Y,37.7861411,-122.392459
MLS Listing,,Single Family Residential,1266 7th Ave,San Francisco,CA,94122,2200000,4,2,Inner Sunset,1855,2374,1904,20,1186,,Active,,,http://www.redfin.com/CA/San-Francisco/1266-7th-Ave-94122/home/625352,San Francisco MLS,459091,N,Y,37.76473,-122.463928
MLS Listing,,Vacant Land,0 block 20 city lot p,Mojave,CA,,27999,,,MOJV - Mojave,,16534,,20,,,Active,,,http://www.redfin.com/CA/San-Francisco/20-Mojave-St-94110/home/120725885,CRISNet,SR17132517,N,Y,37.7389187,-122.4100077
MLS Listing,,Condo/Co-op,1545 Pine St #907,San Francisco,CA,94109,1521500,2,2,Van Ness/Civic Center,1131,,2017,20,1345,935,Active,,,http://www.redfin.com/CA/San-Francisco/1545-Pine-St-94109/unit-907/home/120627420,San Francisco MLS,459242,N,Y,37.7892442,-122.4212438
MLS Listing,,Condo/Co-op,999 Green St #3001,San Francisco,CA,94133,3250000,2,2,Russian Hill,1409,,1964,20,2307,2133,Active,July-2-2017 02:00 PM,July-2-2017 04:00 PM,http://www.redfin.com/CA/San-Francisco/999-Green-St-94133/unit-3001/home/1208286,San Francisco MLS,459241,N,Y,37.798447,-122.415218
MLS Listing,,Condo/Co-op,56 Ringold St #3,San Francisco,CA,94103,995000,1,1,South of Market,,,2015,20,,285,Active,July-5-2017 12:30 PM,July-5-2017 02:00 PM,http://www.redfin.com/CA/San-Francisco/56-Ringold-St-94103/unit-3/home/64832928,San Francisco MLS,459235,N,Y,37.7739774,-122.4105326
MLS Listing,,Condo/Co-op,2341 Franklin St #3,San Francisco,CA,94123,1195000,2,1,Pacific Heights,1306,,1927,20,915,425,Active,July-2-2017 02:00 PM,July-2-2017 04:00 PM,http://www.redfin.com/CA/San-Francisco/2341-Franklin-St-94123/unit-3/home/1747466,San Francisco MLS,459122,N,Y,37.7960939,-122.425502
MLS Listing,,Multi-Family (2-4 Unit),642 Natoma St,SAN FRANCISCO,CA,94103,3280000,9,,SAN FRANCISCO,4336,1875,1906,20,756,,Active,,,http://www.redfin.com/CA/San-Francisco/642-Natoma-St-94103/home/1352429,MLSListings,ML81655581,N,Y,37.7777371,-122.4111149
MLS Listing,,Condo/Co-op,181 Ofarrell St #310,San Francisco,CA,94102,999990,1,1.5,Downtown,1094,,2006,20,914,641,Active,,,http://www.redfin.com/CA/San-Francisco/181-O-Farrell-St-94102/unit-310/home/17306681,San Francisco MLS,459236,N,Y,37.7862743,-122.4075642
MLS Listing,,Townhouse,26 Garrison Ave,San Francisco,CA,94134,679000,4,2.5,Visitacion Valley,1726,1375,1963,20,393,154,Active,,,http://www.redfin.com/CA/San-Francisco/26-Garrison-Ave-94134/home/2017325,San Francisco MLS,459231,N,Y,37.7101247,-122.4134984
MLS Listing,,Condo/Co-op,1333 Jones St #607,San Francisco,CA,94109,1350000,1,2,Nob Hill,1410,,1960,20,957,1333,Active,July-2-2017 02:00 PM,July-2-2017 04:00 PM,http://www.redfin.com/CA/San-Francisco/1333-Jones-St-94109/unit-607/home/12400405,San Francisco MLS,458941,N,Y,37.7936511,-122.4148841
MLS Listing,,Condo/Co-op,1177 California #502,San Francisco,CA,94108,649000,0,1,Nob Hill,511,,1978,21,1270,791,Active,,,http://www.redfin.com/CA/San-Francisco/1177-California-St-94108/unit-502/home/1538435,San Francisco MLS,458944,N,Y,37.7910302,-122.4137217
MLS Listing,,Single Family Residential,210 Monterey Blvd,San Francisco,CA,94131,889000,2,1,Sunnyside,737,2495,1940,22,1206,,Active,July-4-2017 01:00 PM,July-4-2017 03:00 PM,http://www.redfin.com/CA/San-Francisco/210-Monterey-Blvd-94131/home/2011976,San Francisco MLS,459194,N,Y,37.731853,-122.440064
MLS Listing,,Multi-Family (5+ Unit),219-221 6th St,San Francisco,CA,94103,6800000,,,South of Market,,1877,1908,22,,,Active,,,http://www.redfin.com/CA/San-Francisco/221-6th-St-94103/home/119879772,San Francisco MLS,459210,N,Y,37.7796147,-122.406663
MLS Listing,,Multi-Family (5+ Unit),1201 Powell St,San Francisco,CA,94133,3995000,3,,San Francisco County,7300,2139,1912,22,547,,Active,,,http://www.redfin.com/CA/San-Francisco/1201-Powell-St-94133/home/1876577,BAREIS,21713380,N,Y,37.7957206,-122.410141
MLS Listing,,Condo/Co-op,38 Bryant St #702,San Francisco,CA,94105,1688000,2,2,South Beach,1332,,1994,22,1267,637,Active,,,http://www.redfin.com/CA/San-Francisco/38-Bryant-St-94105/unit-702/home/925853,San Francisco MLS,456485,N,Y,37.7873374,-122.3887639
MLS Listing,,Single Family Residential,3962 Clay St,San Francisco,CA,94118,4990000,5,5,Presidio Heights,3915,3656,1900,22,1275,,Active,,,http://www.redfin.com/CA/San-Francisco/3962-Clay-St-94118/home/1893982,San Francisco MLS,459097,N,Y,37.787907,-122.458427
MLS Listing,,Multi-Family (2-4 Unit),1073-1075 14th St,San Francisco,CA,94114,2499000,4,2,Buena Vista Park,2470,1746,1951,22,1012,,Active,,,http://www.redfin.com/CA/San-Francisco/1073-14th-St-94114/home/666950,San Francisco MLS,459195,N,Y,37.767022,-122.437508
MLS Listing,,Condo/Co-op,1450 Post St #817,San Francisco,CA,94109,360000,1,2,Lower Pacific Height,544,,1992,22,662,4111,Active,,,http://www.redfin.com/CA/San-Francisco/1450-Post-St-94109/unit-817/home/1731437,San Francisco MLS,459036,N,Y,37.7863607,-122.4258197
MLS Listing,,Condo/Co-op,2344 Franklin St,San Francisco,CA,94123,1849000,5,2.25,Pacific Heights,2113,,1901,23,875,250,Active,July-2-2017 02:00 PM,July-2-2017 04:00 PM,http://www.redfin.com/CA/San-Francisco/2344-Franklin-St-94123/home/28890120,San Francisco MLS,459041,N,Y,37.7961746,-122.4252068
MLS Listing,,Condo/Co-op,77 Dow Pl #701,San Francisco,CA,94107,925000,1,1.5,Yerba Buena,1022,,2002,23,905,730,Active,,,http://www.redfin.com/CA/San-Francisco/77-Dow-Pl-94107/unit-701/home/900268,San Francisco MLS,459180,N,Y,37.784208,-122.3967439
MLS Listing,,Condo/Co-op,1545 Pine St #210,San Francisco,CA,94109,925500,1,1,Van Ness/Civic Center,537,,2017,23,1723,726,Active,,,http://www.redfin.com/CA/San-Francisco/1545-Pine-St-94109/unit-210/home/117967584,San Francisco MLS,459181,N,Y,37.7892442,-122.4212438
MLS Listing,,Multi-Family (2-4 Unit),214-216 Fair Oaks St,San Francisco,CA,94110,2750000,6,4,Noe Valley,3460,3643,1900,23,795,,Active,,,http://www.redfin.com/CA/San-Francisco/216-Fair-Oaks-St-94110/home/720059,San Francisco MLS,459178,N,Y,37.7528672,-122.4241923
MLS Listing,,Single Family Residential,661-663 25th Ave,San Francisco,CA,94121,1890000,5,5,Central Richmond,2529,2757,1922,23,747,,Active,July-2-2017 02:00 PM,July-2-2017 04:00 PM,http://www.redfin.com/CA/San-Francisco/663-25th-Ave-94121/home/113720578,San Francisco MLS,459153,N,Y,37.77701,-122.4845338
MLS Listing,,Condo/Co-op,369 Green St,San Francisco,CA,94133,888000,2,1,Telegraph Hill,,,1908,23,,400,Active,July-2-2017 02:00 PM,July-2-2017 04:00 PM,http://www.redfin.com/CA/San-Francisco/369-Green-St-94133/unit-377/home/1373873,San Francisco MLS,459133,N,Y,37.799788,-122.405375
MLS Listing,,Condo/Co-op,435 China Basin St #219,San Francisco,CA,94158,1599000,2,2,Mission Bay,1401,,2012,23,1141,750,Active,,,http://www.redfin.com/CA/San-Francisco/435-China-Basin-St-94158/unit-219/home/40629244,San Francisco MLS,459085,N,Y,37.7718376,-122.3886103
MLS Listing,,Single Family Residential,152 Sagamore St,San Francisco,CA,94112,649000,1,1,Oceanview,750,3123,1939,23,865,,Active,,,http://www.redfin.com/CA/San-Francisco/152-Sagamore-St-94112/home/1364016,San Francisco MLS,459150,N,Y,37.711706,-122.457654
MLS Listing,,Condo/Co-op,1483 Sutter St #904,San Francisco,CA,94109,1250000,2,2,Van Ness/Civic Center,1316,,1993,23,950,741,Active,July-2-2017 02:00 PM,July-2-2017 04:00 PM,http://www.redfin.com/CA/San-Francisco/1483-Sutter-St-94109/unit-904/home/1374824,San Francisco MLS,457158,N,Y,37.7867735,-122.4241362
MLS Listing,,Condo/Co-op,22 Eugenia,San Francisco,CA,94110,849000,2,1,Bernal Heights,960,,1900,23,884,,Active,July-2-2017 02:00 PM,July-2-2017 04:00 PM,http://www.redfin.com/CA/San-Francisco/22-Eugenia-Ave-94110/home/936977,San Francisco MLS,459011,N,Y,37.7418782,-122.4215081
MLS Listing,,Condo/Co-op,1201 California #105,San Francisco,CA,94109,925000,1,1,Nob Hill,830,,1927,23,1114,973,Active,,,http://www.redfin.com/CA/San-Francisco/1201-California-St-94109/unit-105/home/12400932,San Francisco MLS,458946,N,Y,37.791077,-122.414339
MLS Listing,,Condo/Co-op,20 Eugenia Ave,San Francisco,CA,94110,899000,2,1,Bernal Heights,1030,,1900,23,873,,Active,July-2-2017 02:00 PM,July-2-2017 04:00 PM,http://www.redfin.com/CA/San-Francisco/20-Eugenia-Ave-94110/home/56784923,San Francisco MLS,459003,N,Y,37.7417929,-122.4215092
MLS Listing,,Single Family Residential,1839 Newhall St,SAN FRANCISCO,CA,94124,828000,4,2.5,SAN FRANCISCO,1285,2099,1947,23,644,,Active,,,http://www.redfin.com/CA/San-Francisco/1839-Newhall-St-94124/home/752388,MLSListings,ML81655297,N,Y,37.7323922,-122.3949709
MLS Listing,,Single Family Residential,408 Holyoke St,San Francisco,CA,94134,998888,4,2,Portola,1680,2700,1925,23,595,,Active,July-2-2017 01:00 PM,July-2-2017 04:00 PM,http://www.redfin.com/CA/San-Francisco/408-Holyoke-St-94134/home/1362884,San Francisco MLS,458853,N,Y,37.7260731,-122.4086967
MLS Listing,,Single Family Residential,2551 27th Ave,San Francisco,CA,94116,1300000,4,2,Parkside,1530,3000,1925,24,850,,Active,,,http://www.redfin.com/CA/San-Francisco/2551-27th-Ave-94116/home/1493978,San Francisco MLS,459126,N,Y,37.7398251,-122.484313
MLS Listing,,Multi-Family (2-4 Unit),567-569 Mississippi St,San Francisco,CA,94107,2249000,3,2,Potrero Hill,2873,4556,1900,24,783,,Active,July-2-2017 02:00 PM,July-2-2017 04:00 PM,http://www.redfin.com/CA/San-Francisco/569-Mississippi-St-94107/home/936244,San Francisco MLS,459104,N,Y,37.7594077,-122.3940247
MLS Listing,,Single Family Residential,1655 20th Ave,San Francisco,CA,94122,1499000,5,4,Central Sunset,2285,3000,1924,24,656,,Active,July-2-2017 02:00 PM,July-2-2017 04:00 PM,http://www.redfin.com/CA/San-Francisco/1655-20th-Ave-94122/home/1652435,San Francisco MLS,459120,N,Y,37.7568838,-122.4779969
MLS Listing,,Condo/Co-op,1330 A Hampshire St,San Francisco,CA,94110,2495000,4,3.5,Inner Mission,2241,,1914,24,1113,423,Active,,,http://www.redfin.com/CA/San-Francisco/1330-Hampshire-St-94110/unit-1330A/home/906737,San Francisco MLS,459106,N,Y,37.7508663,-122.4073288
MLS Listing,,Single Family Residential,566 London St,San Francisco,CA,94112,698000,3,2,Excelsior,1345,2500,1908,24,519,,Active,,,http://www.redfin.com/CA/San-Francisco/566-London-St-94112/home/1986312,San Francisco MLS,459051,N,Y,37.7202521,-122.4373628
MLS Listing,,Condo/Co-op,3532 Webster St,San Francisco,CA,94123,3495000,5,3,Marina,2876,,1937,24,1215,350,Active,July-2-2017 02:00 AM,July-2-2017 04:00 PM,http://www.redfin.com/CA/San-Francisco/3532-Webster-St-94123/home/1844499,San Francisco MLS,458934,N,Y,37.8033931,-122.4348249
MLS Listing,,Condo/Co-op,338 Potrero Ave #508,San Francisco,CA,94103,1075000,2,2,Inner Mission,,,2016,24,,633,Active,July-2-2017 12:00 PM,July-2-2017 05:00 PM,http://www.redfin.com/CA/San-Francisco/338-Potrero-Ave-94103/unit-508/home/113065808,San Francisco MLS,459096,N,Y,37.7652366,-122.4075214
MLS Listing,,Condo/Co-op,1760 Ofarrell St #17,San Francisco,CA,94115,895000,2,2,San Francisco County,1061,22342,1984,24,844,488,Active,July-2-2017 01:00 PM,July-2-2017 04:00 PM,http://www.redfin.com/CA/San-Francisco/1760-O-Farrell-St-94115/unit-17/home/1995726,BAREIS,21711857,N,Y,37.7833905,-122.4336985
MLS Listing,,Condo/Co-op,338 Spear St Unit 26G,San Francisco,CA,94105,1125000,1,1,South Beach,807,,2009,24,1394,881,Active,July-2-2017 02:00 PM,July-2-2017 04:00 PM,http://www.redfin.com/CA/San-Francisco/338-Spear-St-94105/unit-26G/home/21965644,San Francisco MLS,459074,N,Y,37.7894281,-122.3906187
MLS Listing,,Condo/Co-op,1200 California St Unit 21A,San Francisco,CA,94109,1995000,1,1,Nob Hill,1450,,1962,24,1376,2166,Active,,,http://www.redfin.com/CA/San-Francisco/1200-California-St-94109/unit-21A/home/12400733,San Francisco MLS,459053,N,Y,37.791656,-122.4145259
MLS Listing,,Multi-Family (2-4 Unit),2263-2269 Sacramento St,San Francisco,CA,94115,6200000,,,Pacific Heights,9880,7444,1900,24,628,,Active,,,http://www.redfin.com/CA/San-Francisco/2263-Sacramento-St-94115/unit-2269/home/1408229,San Francisco MLS,459065,N,Y,37.790035,-122.430295
MLS Listing,,Condo/Co-op,1450 Post St #909,San Francisco,CA,94109,650000,1,2,Lower Pacific Height,883,,1992,24,736,5155,Active,,,http://www.redfin.com/CA/San-Francisco/1450-Post-St-94109/unit-909/home/1030348,San Francisco MLS,458720,N,Y,37.7863607,-122.4258197
MLS Listing,,Multi-Family (2-4 Unit),4079 Mission St,San Francisco,CA,94112,1450000,5,3,Bernal Heights,2574,3846,1965,25,563,,Active,July-2-2017 02:00 PM,July-2-2017 04:00 PM,http://www.redfin.com/CA/San-Francisco/4079-Mission-St-94112/home/1784763,San Francisco MLS,456627,N,Y,37.7322289,-122.427269
MLS Listing,,Single Family Residential,1960 Jones St,SAN FRANCISCO,CA,94133,6495000,4,4.5,SAN FRANCISCO,4800,2770,1906,25,1353,,Active,,,http://www.redfin.com/CA/San-Francisco/1960-Jones-St-94133/home/540430,MLSListings,ML81655016,N,Y,37.7994734,-122.4155902
MLS Listing,,Condo/Co-op,645 Texas #404,San Francisco,CA,94107,890000,1,1,Potrero Hill,669,,2017,25,1330,530,Active,,,http://www.redfin.com/CA/San-Francisco/645-Texas-St-94107/unit-404/home/115746536,San Francisco MLS,459034,N,Y,37.757934,-122.3944733
MLS Listing,,Single Family Residential,244 Wheeler Ave,San Francisco,CA,94134,749000,2,1,Little Hollywood,1000,3197,1924,25,749,,Active,,,http://www.redfin.com/CA/San-Francisco/244-Wheeler-Ave-94134/home/1510712,San Francisco MLS,458940,N,Y,37.712683,-122.399891
MLS Listing,,Multi-Family (5+ Unit),2808-2818 Folsom St,San Francisco,CA,94110,3250000,12,,Inner Mission,5040,1685,1912,25,645,,Active,,,http://www.redfin.com/CA/San-Francisco/2818-Folsom-St-94110/home/102824479,San Francisco MLS,459016,N,Y,37.7521151,-122.4141794
MLS Listing,,Single Family Residential,1751 48th Ave,San Francisco,CA,94122,908000,2,1,Outer Sunset,1120,2596,1947,25,811,,Active,,,http://www.redfin.com/CA/San-Francisco/1751-48th-Ave-94122/home/640560,San Francisco MLS,458900,N,Y,37.7537567,-122.5078427
MLS Listing,,Multi-Family (2-4 Unit),44 Holloway Ave,San Francisco,CA,94112,1360000,5,3,Ingleside,2500,2587,1901,26,544,,Active,,,http://www.redfin.com/CA/San-Francisco/44-Holloway-Ave-94112/home/1672351,San Francisco MLS,458999,N,Y,37.7220425,-122.4538766
MLS Listing,,Condo/Co-op,550 Davis St #43,San Francisco,CA,94111,1780000,2,2,Financial District,1471,,1981,26,1210,871,Active,July-2-2017 02:00 PM,July-2-2017 04:00 PM,http://www.redfin.com/CA/San-Francisco/550-Davis-St-94111/unit-43/home/1797134,San Francisco MLS,458992,N,Y,37.7974207,-122.3981644
MLS Listing,,Single Family Residential,247-249 Edna St,San Francisco,CA,94112,1498000,2,3,Sunnyside,2586,2500,1931,26,579,,Active,,,http://www.redfin.com/CA/San-Francisco/249-Edna-St-94112/home/117252539,San Francisco MLS,458981,N,Y,37.7289591,-122.44659
MLS Listing,,Condo/Co-op,140 South Van Ness Ave #801,San Francisco,CA,94103,1325000,3,2,South of Market,1800,,2002,26,736,658,Active,,,http://www.redfin.com/CA/San-Francisco/140-S-Van-Ness-Ave-94103/unit-801/home/2025648,San Francisco MLS,458969,N,Y,37.7716893,-122.4186755
MLS Listing,,Single Family Residential,1208 Stanyan St,San Francisco,CA,94117,2800000,4,3,Parnassus/Ashbury Heights,1948,2495,1906,27,1437,,Active,,,http://www.redfin.com/CA/San-Francisco/1208-Stanyan-St-94117/home/1452359,San Francisco MLS,458956,N,Y,37.761901,-122.451745
MLS Listing,,Single Family Residential,948 Hampshire St,San Francisco,CA,94110,3900000,5,3.5,Inner Mission,3502,2495,1900,27,1114,,Active,,,http://www.redfin.com/CA/San-Francisco/948-Hampshire-St-94110/home/1184475,San Francisco MLS,458742,N,Y,37.7568895,-122.4079133
MLS Listing,,Condo/Co-op,72 Townsend St #502,San Francisco,CA,94107,1695000,2,2,San Francisco,1294,,2015,27,1310,870,Active,,,http://www.redfin.com/CA/San-Francisco/72-Townsend-St-94107/unit-502/home/102249388,CRMLS,MC17122299,N,Y,37.7812595,-122.3902125
MLS Listing,,Single Family Residential,110 15th Ave,San Francisco,CA,94118,2725000,4,2.5,Lake,,2247,1912,27,,,Active,July-2-2017 02:00 PM,July-2-2017 04:00 PM,http://www.redfin.com/CA/San-Francisco/110-15th-Ave-94118/home/1476403,San Francisco MLS,458875,N,Y,37.785966,-122.474091
MLS Listing,,Multi-Family (2-4 Unit),239 Clinton Park Park,San Francisco,CA,94103,1995000,,,Mission Dolores,2796,1688,1919,27,714,,Active,July-2-2017 02:00 PM,July-2-2017 04:00 PM,http://www.redfin.com/CA/San-Francisco/239-Clinton-Park-94103/home/702700,San Francisco MLS,458913,N,Y,37.7689224,-122.4254159
MLS Listing,,Condo/Co-op,1100 Sacramento St #902,San Francisco,CA,94108,5995000,3,3.5,Nob Hill,2410,,1925,27,2488,2454,Active,,,http://www.redfin.com/CA/San-Francisco/1100-Sacramento-St-94108/unit-902/home/52208690,San Francisco MLS,458644,N,Y,37.7929557,-122.4114061
MLS Listing,,Condo/Co-op,690 Market St #1705,San Francisco,CA,94104,1045000,1,2,Financial District,1050,,2007,27,995,2557,Active,,,http://www.redfin.com/CA/San-Francisco/690-Market-St-94104/unit-1705/home/21967192,San Francisco MLS,458910,N,Y,37.7883046,-122.4032778
MLS Listing,,Condo/Co-op,3653 Buchanan St Unit A,San Francisco,CA,94123,519000,0,1,Marina,,,,27,,186,Active,,,http://www.redfin.com/CA/San-Francisco/3653-Buchanan-St-94123/unit-A/home/12353331,San Francisco MLS,458909,N,Y,37.8037489,-122.4337095
MLS Listing,,Condo/Co-op,241 10th St #205,San Francisco,CA,94103,674000,1,1,South of Market,551,,2017,27,1223,537,Active,,,http://www.redfin.com/CA/San-Francisco/241-10th-St-94103/unit-205/home/114106420,San Francisco MLS,458905,N,Y,37.7736521,-122.4134394
MLS Listing,,Condo/Co-op,240 Lombard St #429,San Francisco,CA,94111,649950,1,1,North Waterfront,580,,1993,27,1121,869,Active,,,http://www.redfin.com/CA/San-Francisco/240-Lombard-St-94111/unit-429/home/1578063,San Francisco MLS,458778,N,Y,37.8040152,-122.4052531
MLS Listing,,Multi-Family (2-4 Unit),1227-1231 San Bruno Ave,San Francisco,CA,94110,3200000,,,Inner Mission,4565,2495,1906,28,701,,Active,,,http://www.redfin.com/CA/San-Francisco/1231-San-Bruno-Ave-94110/home/2005046,San Francisco MLS,458901,N,Y,37.7535439,-122.404267
MLS Listing,,Condo/Co-op,68 Fountain St,San Francisco,CA,94114,1588000,3,2,Noe Valley,2041,,2002,29,778,300,Active,July-2-2017 02:00 PM,July-2-2017 04:00 PM,http://www.redfin.com/CA/San-Francisco/68-Fountain-St-94114/home/1569767,San Francisco MLS,458895,N,Y,37.749826,-122.441898
MLS Listing,,Single Family Residential,1485 Van Dyke Ave,San Francisco,CA,94124,679000,3,1,Bayview,,2500,1906,30,,,Active,,,http://www.redfin.com/CA/San-Francisco/1485-Van-Dyke-Ave-94124/home/2031971,San Francisco MLS,458797,N,Y,37.727782,-122.3903808
MLS Listing,,Condo/Co-op,1200 California St Unit 11C,San Francisco,CA,94109,3395000,2,3,Nob Hill,2408,,,30,1410,2983,Active,,,http://www.redfin.com/CA/San-Francisco/1200-California-St-94109/unit-11C/home/12400725,San Francisco MLS,458815,N,Y,37.791656,-122.4145259
MLS Listing,,Condo/Co-op,3208 Pierce St #201,San Francisco,CA,94123,749000,1,1,Marina,719,,2007,30,1042,645,Active,,,http://www.redfin.com/CA/San-Francisco/3208-Pierce-St-94123/unit-201/home/12354633,San Francisco MLS,458872,N,Y,37.7997886,-122.4391866
MLS Listing,,Multi-Family (2-4 Unit),703-707 42nd Ave,San Francisco,CA,94121,1088000,3,2,Outer Richmond,1550,2038,1920,30,702,,Active,,,http://www.redfin.com/CA/San-Francisco/703-707-42nd-Ave-94121/home/122642632,San Francisco MLS,458736,N,Y,37.775295,-122.502823
MLS Listing,,Multi-Family (5+ Unit),536 Thornton Ave,San Francisco,CA,94124,2450000,8,,Silver Terrace,6216,5323,1964,30,394,,Active,,,http://www.redfin.com/CA/San-Francisco/536-Thornton-Ave-94124/home/1248021,San Francisco MLS,458869,N,Y,37.7317763,-122.398975
MLS Listing,,Condo/Co-op,1333 Jones St #1501,San Francisco,CA,94109,2995000,2,2,Nob Hill,,,1960,30,,2079,Active,,,http://www.redfin.com/CA/San-Francisco/1333-Jones-St-94109/unit-1501/home/12400647,San Francisco MLS,458697,N,Y,37.7936511,-122.4148841
MLS Listing,,Multi-Family (2-4 Unit),1259 14th Ave,San Francisco,CA,94122,1595000,5,3,Inner Sunset,2062,3184,1908,30,774,,Active,,,http://www.redfin.com/CA/San-Francisco/1259-14th-Ave-94122/home/1032684,San Francisco MLS,458757,N,Y,37.7645697,-122.4719638
MLS Listing,,Condo/Co-op,57 Woodward St Unit A,San Francisco,CA,94103,725000,2,1,Inner Mission,892,,1907,30,813,341,Active,,,http://www.redfin.com/CA/San-Francisco/57-Woodward-St-94103/unit-A/home/39977707,San Francisco MLS,458846,N,Y,37.7690337,-122.4207489
MLS Listing,,Multi-Family (5+ Unit),5801 Mission St #5817,San Francisco,CA,94112,3950000,9,,Crocker Amazon,13620,11918,1925,30,290,,Active,,,http://www.redfin.com/CA/San-Francisco/5801-Mission-St-94112/unit-5817/home/1956287,San Francisco MLS,458837,N,Y,37.7093332,-122.4505217
MLS Listing,,Single Family Residential,575 28th St,San Francisco,CA,94131,3495000,5,4,Noe Valley,4030,2850,1982,30,867,,Active,,,http://www.redfin.com/CA/San-Francisco/575-28th-St-94131/home/1760540,San Francisco MLS,457909,N,Y,37.7446576,-122.4350443
MLS Listing,,Single Family Residential,1805 Scott St,San Francisco,CA,94115,925000,1,1,Lower Pacific Height,640,672,1900,30,1445,,Active,,,http://www.redfin.com/CA/San-Francisco/1805-Scott-St-94115/home/1588091,San Francisco MLS,458814,N,Y,37.7865899,-122.438622
MLS Listing,,Single Family Residential,2566 Pine St,San Francisco,CA,94115,4995000,5,5,Lower Pacific Height,3740,5845,1900,30,1336,,Active,,,http://www.redfin.com/CA/San-Francisco/2566-Pine-St-94115/home/114086771,San Francisco MLS,458746,N,Y,37.7876389,-122.4382161
MLS Listing,,Condo/Co-op,181 Fremont St Unit 58C,San Francisco,CA,94105,3715000,2,2.5,Yerba Buena,1605,,2017,30,2315,2444,Active,,,http://www.redfin.com/CA/San-Francisco/181-Fremont-St-94105/unit-58C/home/114086523,San Francisco MLS,458829,N,Y,37.7898082,-122.3953565
MLS Listing,,Single Family Residential,1156-1158 Dolores St,San Francisco,CA,94110,6995000,5,4.5,Noe Valley,4850,2425,1912,30,1442,,Active,July-2-2017 02:00 PM,July-2-2017 05:00 PM,http://www.redfin.com/CA/San-Francisco/1158-Dolores-St-94110/home/102821430,San Francisco MLS,458078,N,Y,37.7508262,-122.4253013
MLS Listing,,Condo/Co-op,355 1st St #803,San Francisco,CA,94105,768000,1,1,South Beach,,,2004,30,,700,Active,,,http://www.redfin.com/CA/San-Francisco/355-1st-St-94105/unit-803/home/114086338,San Francisco MLS,458731,N,Y,37.7868797,-122.3934879
MLS Listing,,Condo/Co-op,111 Chestnut St #603,San Francisco,CA,94111,1265000,2,2,North Waterfront,1299,,1993,30,974,1074,Active,,,http://www.redfin.com/CA/San-Francisco/111-Chestnut-St-94111/unit-603/home/1730413,San Francisco MLS,458643,N,Y,37.8042841,-122.4057658
MLS Listing,,Multi-Family (5+ Unit),115-117 Sanchez St,San Francisco,CA,94114,4950000,13,,Duboce Triangle,6650,3131,1906,30,744,,Active,,,http://www.redfin.com/CA/San-Francisco/117-Sanchez-St-94114/home/703079,San Francisco MLS,458777,N,Y,37.7673043,-122.4310327
MLS Listing,,Condo/Co-op,152 Lombard St #409,San Francisco,CA,94111,975000,2,2,North Waterfront,1106,,1975,30,882,1044,Active,,,http://www.redfin.com/CA/San-Francisco/152-Lombard-St-94111/unit-409/home/102817853,San Francisco MLS,458817,N,Y,37.80445,-122.404178
MLS Listing,,Condo/Co-op,151 Alice B. Toklas Pl #809,San Francisco,CA,94109,1250000,1,1.25,Van Ness/Civic Center,1376,,1921,30,908,828,Active,,,http://www.redfin.com/CA/San-Francisco/151-Alice-B-Toklas-94109/unit-809/home/910790,San Francisco MLS,458582,N,Y,37.7850997,-122.4205869
MLS Listing,,Multi-Family (2-4 Unit),1619 48th Ave,San Francisco,CA,94122,1000000,4,3,Outer Sunset,1868,2996,1958,30,535,,Active,July-2-2017 12:00 PM,July-2-2017 04:00 PM,http://www.redfin.com/CA/San-Francisco/1619-48th-Ave-94122/home/114084533,San Francisco MLS,458693,N,Y,37.7561364,-122.5079957
MLS Listing,,Condo/Co-op,400 Beale St #2403,San Francisco,CA,94105,1799000,2,2,South Beach,1074,,,30,1675,783,Active,July-2-2017 02:00 PM,July-2-2017 04:00 PM,http://www.redfin.com/CA/San-Francisco/400-Beale-St-94105/unit-2403/home/12401101,San Francisco MLS,458201,N,Y,37.7870882,-122.3911279
MLS Listing,,Condo/Co-op,201 Folsom St Unit 30A,San Francisco,CA,94105,2545000,2,2,South Beach,1554,,2017,30,1638,1125,Active,July-2-2017 11:00 AM,July-2-2017 05:00 PM,http://www.redfin.com/CA/San-Francisco/201-Folsom-St-94105/unit-30A/home/114084507,San Francisco MLS,458808,N,Y,37.7886997,-122.39226
MLS Listing,,Condo/Co-op,920 Harrison St #8,SAN FRANCISCO,CA,94107,995000,1,1.5,SAN FRANCISCO,1137,,1999,31,875,590,Active,,,http://www.redfin.com/CA/San-Francisco/920-Harrison-St-94107/unit-8/home/12395886,MLSListings,ML81654185,N,Y,37.778785,-122.40256
MLS Listing,,Condo/Co-op,301 Main St Unit 15 CD,San Francisco,CA,94105,5495000,2,2.5,South Beach,2126,,2008,31,2585,1831,Active,July-2-2017 02:00 PM,July-2-2017 04:00 PM,http://www.redfin.com/CA/San-Francisco/301-Main-St-94105/unit-15-CD/home/114084259,San Francisco MLS,458763,N,Y,37.789525,-122.3911753
MLS Listing,,Multi-Family (2-4 Unit),1282-1286 Pacific Ave,San Francisco,CA,94109,1595000,9,3,Nob Hill,3549,1376,1904,31,449,,Active,,,http://www.redfin.com/CA/San-Francisco/1286-Pacific-Ave-94109/home/1601316,San Francisco MLS,458803,N,Y,37.7958922,-122.4163635
MLS Listing,,Condo/Co-op,338 Potrero Ave #203,San Francisco,CA,94103,1099000,2,2,Inner Mission,,,2016,31,,633,Active,July-2-2017 12:00 PM,July-2-2017 04:00 PM,http://www.redfin.com/CA/San-Francisco/338-Potrero-Ave-94103/unit-203/home/114083620,San Francisco MLS,458790,N,Y,37.7652366,-122.4075214
MLS Listing,,Multi-Family (5+ Unit),3852-3862 California St,San Francisco,CA,94118,7400000,20,,Presidio Heights,14188,10299,1924,31,522,,Active,,,http://www.redfin.com/CA/San-Francisco/3862-California-St-94118/home/114083473,San Francisco MLS,455208,N,Y,37.7859458,-122.4581037
MLS Listing,,Multi-Family (5+ Unit),860 24th Ave,San Francisco,CA,94121,3500000,5,,Central Richmond,10200,4800,1929,31,343,,Active,,,http://www.redfin.com/CA/San-Francisco/860-24th-Ave-94121/home/2003957,San Francisco MLS,455204,N,Y,37.773349,-122.482843
MLS Listing,,Condo/Co-op,1330 Hampshire St #1330,San Francisco,CA,94110,2195000,3,2.5,Inner Mission,2094,,1914,31,1048,423,Active,July-2-2017 02:00 PM,July-2-2017 05:00 PM,http://www.redfin.com/CA/San-Francisco/1330-Hampshire-St-94110/unit-1330/home/135099642,San Francisco MLS,458721,N,Y,37.7508663,-122.4073288
MLS Listing,,Single Family Residential,,San Francisco,CA,94121,1390000,6,3,Richmond Dist,1275,2275,1922,31,1090,,Active,,,http://www.redfin.com/CA/San-Francisco/Undisclosed-address-94121/home/1508023,EBRD/CCAR/Bay East,40783685,N,Y,37.7777793,-122.4993671
MLS Listing,,Condo/Co-op,1662 Union St,San Francisco,CA,94123,3500000,3,3,Cow Hollow,,,1948,31,,260,Active,July-2-2017 02:00 PM,July-2-2017 04:00 PM,http://www.redfin.com/CA/San-Francisco/1662-Union-St-94123/home/39910883,San Francisco MLS,458472,N,Y,37.798493,-122.426705
MLS Listing,,Condo/Co-op,200 Brannan St #202,San Francisco,CA,94107,1265000,1,2,South Beach,1261,,2004,31,1003,678,Active,,,http://www.redfin.com/CA/San-Francisco/200-Brannan-St-94107/unit-202/home/879403,San Francisco MLS,458739,N,Y,37.7835162,-122.3903876
MLS Listing,,Single Family Residential,26 Watt Ave,San Francisco,CA,94112,1399000,4,3,Crocker Amazon,2448,2113,2005,31,571,,Active,July-2-2017 02:00 PM,July-2-2017 04:00 PM,http://www.redfin.com/CA/San-Francisco/26-Watt-Ave-94112/home/11742989,San Francisco MLS,458735,N,Y,37.7093696,-122.441372
MLS Listing,,Condo/Co-op,318 Main St Unit 2A,San Francisco,CA,94105,1649000,2,2,South Beach,1418,,2015,31,1163,1100,Active,July-6-2017 05:30 PM,July-6-2017 07:00 PM,http://www.redfin.com/CA/San-Francisco/318-Main-St-94105/unit-2A/home/110052558,San Francisco MLS,458367,N,Y,37.7891933,-122.3917702
MLS Listing,,Condo/Co-op,2066 Green St,San Francisco,CA,94123,4350000,3,3,Pacific Heights,2479,,1948,32,1755,1200,Active,,,http://www.redfin.com/CA/San-Francisco/2066-Green-St-94123/home/1243608,San Francisco MLS,458691,N,Y,37.796672,-122.433164
MLS Listing,,Single Family Residential,1230 Pacific Ave,San Francisco,CA,94109,3495000,4,4,Nob Hill,3027,,,32,1155,,Active,July-2-2017 02:00 PM,July-2-2017 04:00 PM,http://www.redfin.com/CA/San-Francisco/1230-Pacific-Ave-94109/home/114066412,San Francisco MLS,458646,N,Y,37.795959,-122.415574
MLS Listing,,Condo/Co-op,2151 Sacramento St #4,San Francisco,CA,94109,3749000,4,4,Pacific Heights,2528,,1920,32,1483,650,Active,July-2-2017 02:00 PM,July-2-2017 04:00 PM,http://www.redfin.com/CA/San-Francisco/2151-Sacramento-St-94109/unit-4/home/568573,San Francisco MLS,457892,N,Y,37.7905102,-122.4283012
MLS Listing,,Townhouse,601 Van Ness Ave #76,San Francisco,CA,94102,899000,2,2,Van Ness/Civic Center,1286,,1982,32,699,936,Active,July-2-2017 02:00 PM,July-2-2017 04:00 PM,http://www.redfin.com/CA/San-Francisco/601-Van-Ness-Ave-94102/unit-76/home/1117270,San Francisco MLS,458638,N,Y,37.7811165,-122.4213309
MLS Listing,,Condo/Co-op,2121 Webster St #607,San Francisco,CA,94115,3995000,2,2,Pacific Heights,1956,,2016,32,2042,1490,Active,July-2-2017 12:00 PM,July-2-2017 04:00 PM,http://www.redfin.com/CA/San-Francisco/2121-Webster-St-94115/unit-607/home/114065314,San Francisco MLS,458601,N,Y,37.7902213,-122.4329717
MLS Listing,,Townhouse,132 Langton St,San Francisco,CA,94103,849900,2,1.5,South of Market,1000,,1906,32,850,155,Active,,,http://www.redfin.com/CA/San-Francisco/132-Langton-St-94103/home/1300771,San Francisco MLS,458639,N,Y,37.7757547,-122.4079701
MLS Listing,,Single Family Residential,2122 40th Ave,San Francisco,CA,94116,1088000,3,2,Outer Parkside,1300,3000,1950,32,837,,Active,,,http://www.redfin.com/CA/San-Francisco/2122-40th-Ave-94116/home/1833889,San Francisco MLS,458685,N,Y,37.747182,-122.498221
MLS Listing,,Single Family Residential,2405 Washington St,San Francisco,CA,94115,5950000,6,4,Pacific Heights,,3223,1900,32,,,Active,July-2-2017 02:00 PM,July-2-2017 04:00 PM,http://www.redfin.com/CA/San-Francisco/2405-Washington-St-94115/home/1825243,San Francisco MLS,458682,N,Y,37.7915367,-122.4330459
MLS Listing,,Single Family Residential,249 Mississippi,San Francisco,CA,94107,1199000,2,2,Potrero Hill,,,,33,,,Active,July-2-2017 02:00 PM,July-2-2017 04:00 PM,http://www.redfin.com/CA/San-Francisco/249-Mississippi-St-94107/home/730038,San Francisco MLS,458676,N,Y,37.763045,-122.394316
MLS Listing,,Single Family Residential,628 Silver Ave,SAN FRANCISCO,CA,94134,998888,4,3,SAN FRANCISCO,2744,2774,1928,33,364,,Active,July-2-2017 01:00 PM,July-2-2017 04:00 PM,http://www.redfin.com/CA/San-Francisco/628-Silver-Ave-94134/home/770463,MLSListings,ML81653654,N,Y,37.7286254,-122.4231014
MLS Listing,,Condo/Co-op,690 Market St #505,San Francisco,CA,94104,1849000,2,2.5,Financial District,1805,,2016,34,1024,2842,Active,July-2-2017 02:00 PM,July-2-2017 04:00 PM,http://www.redfin.com/CA/San-Francisco/690-Market-St-94104/unit-505/home/21967261,San Francisco MLS,458627,N,Y,37.7883046,-122.4032778
MLS Listing,,Condo/Co-op,690 Market St #202,San Francisco,CA,94104,1150000,1,1.5,Financial District,1315,,2017,34,875,2722,Active,July-2-2017 02:00 PM,July-2-2017 04:00 PM,http://www.redfin.com/CA/San-Francisco/690-Market-St-94104/unit-202/home/21967163,San Francisco MLS,458626,N,Y,37.7883046,-122.4032778
MLS Listing,,Single Family Residential,2830 Buchanan St,San Francisco,CA,94123,6500000,5,4.5,Pacific Heights,4058,2012,1904,34,1602,,Active,,,http://www.redfin.com/CA/San-Francisco/2830-Buchanan-St-94123/home/1920007,San Francisco MLS,458580,N,Y,37.7961811,-122.4317423
MLS Listing,,Townhouse,507 Donahue St,San Francisco,CA,94124,949500,2,2,Hunters Point,1472,22433,2015,34,645,277,Active,,,http://www.redfin.com/CA/San-Francisco/507-Donahue-St-94124/home/109686886,San Francisco MLS,458619,N,Y,37.7290035,-122.3700168
MLS Listing,,Single Family Residential,220 San Marcos Ave,San Francisco,CA,94116,2895000,4,2.5,Forest Hill,3395,5553,1950,34,853,49,Active,,,http://www.redfin.com/CA/San-Francisco/220-San-Marcos-Ave-94116/home/679953,San Francisco MLS,458527,N,Y,37.7468646,-122.4659611
MLS Listing,,Condo/Co-op,1 Hawthorne St Ph 25A,San Francisco,CA,94105,2495000,2,2,Yerba Buena,1626,,2010,35,1534,803,Active,,,http://www.redfin.com/CA/San-Francisco/1-Hawthorne-St-94105/unit-25A/home/40512088,San Francisco MLS,458605,N,Y,37.78577,-122.3988537
MLS Listing,,Condo/Co-op,532 B Clipper St,San Francisco,CA,94114,1200000,2,1,San Francisco County,963,3816,1912,36,1246,412,Active,,,http://www.redfin.com/CA/San-Francisco/532b-Clipper-St-94114/home/103688009,BAREIS,21712083,N,Y,37.7489092,-122.4368621
MLS Listing,,Condo/Co-op,3036 Baker St,San Francisco,CA,94123,1595000,2,1.5,Cow Hollow,1391,,,36,1147,,Active,,,http://www.redfin.com/CA/San-Francisco/3036-Baker-St-94123/home/1288841,San Francisco MLS,458574,N,Y,37.7991809,-122.4458906
MLS Listing,,Condo/Co-op,3038 Baker St,San Francisco,CA,94123,1595000,2,1,Cow Hollow,1041,,,36,1532,,Active,,,http://www.redfin.com/CA/San-Francisco/3038-Baker-St-94123/home/113898107,San Francisco MLS,458575,N,Y,37.7991942,-122.4458419
MLS Listing,,Condo/Co-op,110 Channel St #606,San Francisco,CA,94158,1564000,2,2,Mission Bay,1070,,,36,1462,797,Active,,,http://www.redfin.com/CA/San-Francisco/110-Channel-St-94158/unit-606/home/113868568,San Francisco MLS,458599,N,Y,37.7733155,-122.3930001
MLS Listing,,Condo/Co-op,55 Richardson Ave,San Francisco,CA,94123,995000,1,1,Cow Hollow,761,,,36,1307,,Active,,,http://www.redfin.com/CA/San-Francisco/55-Richardson-Ave-94123/home/114035461,San Francisco MLS,458576,N,Y,37.7991967,-122.4458426
MLS Listing,,Condo/Co-op,533 Hill St Unit A,San Francisco,CA,94114,675000,1,1,San Francisco County,546,,1878,37,1236,300,Active,,,http://www.redfin.com/CA/San-Francisco/533-Hill-St-94114/unit-A/home/109278637,BAREIS,21711966,N,Y,37.7552764,-122.4330825
MLS Listing,,Townhouse,126 Diamond Cove Ter,San Francisco,CA,94134,1080000,3,3,Candlestick Point,1474,,2013,38,733,380,Active,July-2-2017 02:00 PM,July-2-2017 04:00 PM,http://www.redfin.com/CA/San-Francisco/126-Diamond-Cove-Ter-94134/home/52343935,San Francisco MLS,458558,N,Y,37.7128585,-122.3942436
MLS Listing,,Single Family Residential,2316 Alemany Blvd,San Francisco,CA,94112,988880,4,2.5,Outer Mission,1926,1751,1967,38,513,,Active,July-2-2017 02:00 PM,July-2-2017 04:00 PM,http://www.redfin.com/CA/San-Francisco/2316-Alemany-Blvd-94112/home/824438,San Francisco MLS,458556,N,Y,37.7168865,-122.4438955
MLS Listing,,Condo/Co-op,333 Main St Unit 5K,San Francisco,CA,94105,929000,1,1,South Beach,829,,2008,38,1121,887,Active,July-2-2017 02:00 PM,July-2-2017 04:00 PM,http://www.redfin.com/CA/San-Francisco/333-Main-St-94105/unit-5K/home/40157422,San Francisco MLS,458423,N,Y,37.7890189,-122.3912082
MLS Listing,,Multi-Family (2-4 Unit),866-870 Capp St,San Francisco,CA,94110,3298000,,,Inner Mission,4440,4286,1900,38,743,,Active,,,http://www.redfin.com/CA/San-Francisco/870-Capp-St-94110/home/1413428,San Francisco MLS,458538,N,Y,37.7528138,-122.4176783
MLS Listing,,Multi-Family (2-4 Unit),1780 Revere Ave,San Francisco,CA,94124,1195000,3,3,Bayview,,2500,1900,38,,,Active,July-2-2017 02:00 PM,July-2-2017 04:00 PM,http://www.redfin.com/CA/San-Francisco/1780-Revere-Ave-94124/home/748843,San Francisco MLS,458414,N,Y,37.733744,-122.3932512
MLS Listing,,Condo/Co-op,601 Alabama St #408,San Francisco,CA,94110,420855,3,2,Inner Mission,1377,,2009,39,306,750,Active,,,http://www.redfin.com/CA/San-Francisco/601-Alabama-St-94110/unit-408/home/40139026,San Francisco MLS,458521,N,Y,37.7614518,-122.4117851
MLS Listing,,Condo/Co-op,444 Francisco St #205,San Francisco,CA,94133,749000,1,1,North Beach,,,1981,39,,585,Active,July-2-2017 02:00 PM,July-2-2017 04:00 PM,http://www.redfin.com/CA/San-Francisco/444-Francisco-St-94133/unit-205/home/1364268,San Francisco MLS,458510,N,Y,37.8049884,-122.4125813
